Plot Title: Manz. Office,,,,,,
#,"Date Time, GMT+02:00","Rainfall, mm (LGR S/N: 20102572, SEN S/N: 20102572)",Coupler Detached (LGR S/N: 20102572),Coupler Attached (LGR S/N: 20102572),Host Connected (LGR S/N: 20102572),End Of File (LGR S/N: 20102572)
1,07/19/23 09:58:29AM,0,,,,
2,07/19/23 09:58:45AM,,Logged,,,
3,07/19/23 02:51:21PM,0.254,,,,
4,07/19/23 02:55:35PM,0.508,,,,
5,07/19/23 03:29:50PM,0.762,,,,
6,07/19/23 03:31:53PM,1.016,,,,
7,07/19/23 03:33:11PM,1.27,,,,
8,07/19/23 04:10:19PM,1.524,,,,
9,07/19/23 04:21:32PM,1.778,,,,
10,07/19/23 04:33:43PM,2.032,,,,
11,07/19/23 05:35:05PM,2.286,,,,
12,07/19/23 08:00:29PM,2.54,,,,
13,07/19/23 08:14:18PM,2.794,,,,
14,07/20/23 06:27:33AM,3.048,,,,
15,07/20/23 06:35:55AM,3.302,,,,
16,07/20/23 06:45:22AM,3.556,,,,
17,07/20/23 07:15:42AM,3.81,,,,
18,07/20/23 07:19:18AM,4.064,,,,
19,07/20/23 07:20:43AM,4.318,,,,
20,07/20/23 07:21:08AM,4.572,,,,
21,07/20/23 07:21:37AM,4.826,,,,
22,07/20/23 07:22:25AM,5.08,,,,
23,07/20/23 07:23:00AM,5.334,,,,
24,07/20/23 07:23:47AM,5.588,,,,
25,07/20/23 07:27:30AM,5.842,,,,
26,07/20/23 07:29:07AM,6.096,,,,
27,07/20/23 07:29:29AM,6.35,,,,
28,07/20/23 07:29:48AM,6.604,,,,
29,07/20/23 07:30:13AM,6.858,,,,
30,07/20/23 07:30:38AM,7.112,,,,
31,07/20/23 07:31:00AM,7.36599999999999,,,,
32,07/20/23 07:31:31AM,7.61999999999999,,,,
33,07/20/23 07:31:51AM,7.87399999999999,,,,
34,07/20/23 07:32:51AM,8.12799999999999,,,,
35,07/20/23 07:34:25AM,8.38199999999999,,,,
36,07/20/23 07:35:34AM,8.63599999999999,,,,
37,07/20/23 07:37:10AM,8.88999999999999,,,,
38,07/20/23 07:39:34AM,9.14399999999999,,,,
39,07/20/23 07:41:52AM,9.39799999999999,,,,
40,07/20/23 07:45:10AM,9.65199999999999,,,,
41,07/20/23 07:51:06AM,9.90599999999999,,,,
42,07/20/23 08:06:38AM,10.16,,,,
43,07/20/23 08:15:16AM,10.414,,,,
44,07/20/23 08:19:25AM,10.668,,,,
45,07/20/23 08:25:20AM,10.922,,,,
46,07/20/23 08:29:35AM,11.176,,,,
47,07/20/23 08:35:34AM,11.43,,,,
48,07/20/23 08:40:49AM,11.684,,,,
49,07/20/23 09:18:38AM,11.938,,,,
50,07/20/23 04:31:39PM,12.192,,,,
51,07/20/23 04:54:56PM,12.446,,,,
52,07/20/23 04:58:08PM,12.7,,,,
53,07/20/23 05:18:37PM,12.954,,,,
54,07/20/23 08:30:07PM,13.208,,,,
55,07/21/23 08:20:01AM,13.462,,,,
56,07/21/23 08:29:40AM,13.716,,,,
57,07/21/23 08:43:56AM,13.97,,,,
58,07/24/23 09:37:28AM,14.224,,,,
59,07/24/23 10:29:12AM,14.478,,,,
60,07/24/23 11:57:04AM,14.732,,,,
61,07/24/23 12:02:34PM,14.986,,,,
62,07/24/23 12:06:48PM,15.24,,,,
63,07/24/23 12:08:53PM,15.494,,,,
64,07/24/23 12:14:45PM,15.748,,,,
65,07/24/23 12:15:57PM,16.002,,,,
66,07/24/23 12:17:14PM,16.256,,,,
67,07/24/23 12:33:34PM,16.51,,,,
68,07/24/23 12:36:45PM,16.764,,,,
69,07/24/23 12:38:32PM,17.018,,,,
70,07/24/23 12:39:35PM,17.272,,,,
71,07/24/23 12:41:58PM,17.526,,,,
72,07/24/23 12:44:13PM,17.78,,,,
73,07/24/23 12:48:36PM,18.034,,,,
74,07/24/23 12:57:10PM,18.288,,,,
75,07/24/23 01:42:01PM,18.542,,,,
76,07/24/23 01:45:15PM,18.796,,,,
77,07/24/23 01:52:26PM,19.05,,,,
78,07/25/23 12:20:50AM,19.304,,,,
79,08/09/23 12:40:49PM,,,Logged,,
80,08/09/23 12:40:53PM,,,,Logged,
81,08/09/23 12:41:32PM,,Logged,,,
82,08/09/23 12:42:02PM,,,Logged,,
83,08/09/23 12:42:23PM,,Logged,,,
84,08/10/23 02:03:34AM,19.558,,,,
85,08/10/23 02:04:32AM,19.812,,,,
86,08/10/23 02:05:28AM,20.066,,,,
87,08/10/23 02:06:50AM,20.32,,,,
88,08/10/23 02:10:33AM,20.574,,,,
89,08/10/23 02:43:35AM,20.828,,,,
90,08/10/23 02:55:46AM,21.082,,,,
91,08/10/23 02:57:11AM,21.336,,,,
92,08/10/23 02:58:20AM,21.59,,,,
93,08/10/23 02:59:19AM,21.844,,,,
94,08/10/23 03:02:24AM,22.098,,,,
95,08/10/23 03:13:28AM,22.352,,,,
96,08/10/23 03:13:41AM,22.606,,,,
97,08/10/23 03:13:57AM,22.86,,,,
98,08/10/23 03:14:13AM,23.114,,,,
99,08/10/23 03:14:25AM,23.368,,,,
100,08/10/23 03:15:03AM,23.622,,,,
101,08/10/23 03:15:41AM,23.876,,,,
102,08/10/23 03:16:18AM,24.13,,,,
103,08/10/23 03:16:31AM,24.384,,,,
104,08/10/23 03:16:46AM,24.638,,,,
105,08/10/23 03:17:04AM,24.892,,,,
106,08/10/23 03:17:35AM,25.146,,,,
107,08/10/23 03:17:51AM,25.4,,,,
108,08/10/23 03:18:12AM,25.654,,,,
109,08/10/23 03:18:24AM,25.908,,,,
110,08/10/23 03:18:34AM,26.162,,,,
111,08/10/23 03:18:45AM,26.416,,,,
112,08/10/23 03:18:57AM,26.67,,,,
113,08/10/23 03:19:13AM,26.924,,,,
114,08/10/23 03:19:37AM,27.178,,,,
115,08/10/23 03:20:01AM,27.432,,,,
116,08/10/23 03:20:32AM,27.686,,,,
117,08/10/23 03:21:23AM,27.94,,,,
118,08/10/23 03:21:53AM,28.194,,,,
119,08/10/23 03:22:03AM,28.448,,,,
120,08/10/23 03:22:11AM,28.702,,,,
121,08/10/23 03:22:20AM,28.956,,,,
122,08/10/23 03:22:30AM,29.2100000000001,,,,
123,08/10/23 03:22:42AM,29.464,,,,
124,08/10/23 03:22:51AM,29.7180000000001,,,,
125,08/10/23 03:23:00AM,29.9720000000001,,,,
126,08/10/23 03:23:11AM,30.2260000000001,,,,
127,08/10/23 03:23:23AM,30.4800000000001,,,,
128,08/10/23 03:23:33AM,30.7340000000001,,,,
129,08/10/23 03:23:49AM,30.9880000000001,,,,
130,08/10/23 03:24:11AM,31.2420000000001,,,,
131,08/10/23 03:24:39AM,31.4960000000001,,,,
132,08/10/23 03:25:08AM,31.7500000000001,,,,
133,08/10/23 03:26:07AM,32.0040000000001,,,,
134,08/10/23 03:27:56AM,32.2580000000001,,,,
135,08/10/23 03:29:41AM,32.5120000000001,,,,
136,08/10/23 03:31:34AM,32.7660000000001,,,,
137,08/10/23 03:33:23AM,33.0200000000001,,,,
138,08/10/23 03:34:01AM,33.2740000000001,,,,
139,08/10/23 03:34:56AM,33.528,,,,
140,08/10/23 03:35:39AM,33.782,,,,
141,08/10/23 03:36:38AM,34.036,,,,
142,08/10/23 03:37:08AM,34.29,,,,
143,08/10/23 03:37:27AM,34.544,,,,
144,08/10/23 03:37:41AM,34.798,,,,
145,08/10/23 03:37:56AM,35.052,,,,
146,08/10/23 03:38:12AM,35.306,,,,
147,08/10/23 03:38:26AM,35.56,,,,
148,08/10/23 03:38:40AM,35.814,,,,
149,08/10/23 03:38:51AM,36.068,,,,
150,08/10/23 03:39:04AM,36.322,,,,
151,08/10/23 03:39:18AM,36.576,,,,
152,08/10/23 03:39:32AM,36.83,,,,
153,08/10/23 03:39:46AM,37.084,,,,
154,08/10/23 03:40:01AM,37.338,,,,
155,08/10/23 03:40:18AM,37.592,,,,
156,08/10/23 03:40:38AM,37.846,,,,
157,08/10/23 03:40:55AM,38.1,,,,
158,08/10/23 03:41:11AM,38.354,,,,
159,08/10/23 03:41:31AM,38.608,,,,
160,08/10/23 03:42:01AM,38.862,,,,
161,08/10/23 03:42:21AM,39.116,,,,
162,08/10/23 03:42:36AM,39.37,,,,
163,08/10/23 03:42:52AM,39.624,,,,
164,08/10/23 03:43:10AM,39.878,,,,
165,08/10/23 03:43:23AM,40.132,,,,
166,08/10/23 03:43:36AM,40.386,,,,
167,08/10/23 03:43:50AM,40.64,,,,
168,08/10/23 03:44:01AM,40.894,,,,
169,08/10/23 03:44:15AM,41.148,,,,
170,08/10/23 03:44:28AM,41.402,,,,
171,08/10/23 03:44:40AM,41.656,,,,
172,08/10/23 03:44:49AM,41.91,,,,
173,08/10/23 03:45:00AM,42.164,,,,
174,08/10/23 03:45:11AM,42.418,,,,
175,08/10/23 03:45:22AM,42.672,,,,
176,08/10/23 03:45:32AM,42.926,,,,
177,08/10/23 03:45:43AM,43.18,,,,
178,08/10/23 03:45:53AM,43.434,,,,
179,08/10/23 03:46:09AM,43.688,,,,
180,08/10/23 03:46:33AM,43.942,,,,
181,08/10/23 03:47:03AM,44.196,,,,
182,08/10/23 03:47:59AM,44.45,,,,
183,08/10/23 03:48:46AM,44.704,,,,
184,08/10/23 03:49:29AM,44.958,,,,
185,08/10/23 03:50:04AM,45.212,,,,
186,08/10/23 03:50:42AM,45.4659999999999,,,,
187,08/10/23 03:51:17AM,45.7199999999999,,,,
188,08/10/23 03:51:50AM,45.9739999999999,,,,
189,08/10/23 03:52:15AM,46.2279999999999,,,,
190,08/10/23 03:52:34AM,46.4819999999999,,,,
191,08/10/23 03:53:07AM,46.7359999999999,,,,
192,08/10/23 03:54:00AM,46.9899999999999,,,,
193,08/10/23 03:54:31AM,47.2439999999999,,,,
194,08/10/23 03:55:24AM,47.4979999999999,,,,
195,08/10/23 03:58:39AM,47.7519999999999,,,,
196,08/10/23 04:00:24AM,48.0059999999999,,,,
197,08/10/23 04:02:40AM,48.2599999999999,,,,
198,08/10/23 04:03:28AM,48.5139999999999,,,,
199,08/10/23 04:04:37AM,48.7679999999999,,,,
200,08/10/23 09:49:10AM,49.0219999999999,,,,
201,08/15/23 02:03:43PM,49.2759999999999,,,,
202,08/15/23 02:28:32PM,49.5299999999999,,,,
203,08/15/23 02:35:26PM,49.7839999999999,,,,
204,08/15/23 02:36:22PM,50.0379999999999,,,,
205,08/15/23 02:36:55PM,50.2919999999999,,,,
206,08/15/23 02:37:40PM,50.5459999999999,,,,
207,08/15/23 02:38:57PM,50.7999999999999,,,,
208,08/15/23 02:43:41PM,51.0539999999999,,,,
209,08/15/23 02:47:05PM,51.3079999999999,,,,
210,08/15/23 02:47:58PM,51.5619999999999,,,,
211,08/15/23 02:49:10PM,51.8159999999999,,,,
212,08/15/23 02:50:05PM,52.0699999999999,,,,
213,08/15/23 02:50:45PM,52.3239999999999,,,,
214,08/15/23 02:51:33PM,52.5779999999999,,,,
215,08/15/23 02:53:33PM,52.8319999999999,,,,
216,08/15/23 03:00:20PM,53.0859999999999,,,,
217,08/15/23 03:32:10PM,53.3399999999999,,,,
218,08/15/23 03:44:00PM,53.5939999999999,,,,
219,08/15/23 03:45:19PM,53.8479999999999,,,,
220,08/15/23 03:46:51PM,54.1019999999999,,,,
221,08/15/23 03:48:49PM,54.3559999999999,,,,
222,08/15/23 03:55:30PM,54.6099999999999,,,,
223,08/15/23 04:02:48PM,54.8639999999999,,,,
224,08/15/23 04:59:59PM,55.1179999999999,,,,
225,08/15/23 05:12:11PM,55.3719999999999,,,,
226,08/15/23 05:35:11PM,55.6259999999999,,,,
227,08/15/23 06:02:33PM,55.8799999999999,,,,
228,08/15/23 06:04:47PM,56.1339999999999,,,,
229,08/15/23 08:34:52PM,56.3879999999999,,,,
230,08/15/23 08:39:05PM,56.6419999999999,,,,
231,08/15/23 10:02:49PM,56.8959999999998,,,,
232,08/15/23 10:07:04PM,57.1499999999998,,,,
233,08/15/23 10:59:45PM,57.4039999999998,,,,
234,08/16/23 03:26:05AM,57.6579999999998,,,,
235,08/16/23 03:36:46AM,57.9119999999998,,,,
236,08/24/23 07:29:46PM,58.1659999999998,,,,
237,08/24/23 07:37:31PM,58.4199999999998,,,,
238,08/25/23 07:43:06AM,58.6739999999998,,,,
239,08/27/23 01:55:18AM,58.9279999999998,,,,
240,08/27/23 02:55:58PM,59.1819999999998,,,,
241,08/27/23 02:56:43PM,59.4359999999998,,,,
242,08/27/23 02:57:22PM,59.6899999999998,,,,
243,08/27/23 02:58:45PM,59.9439999999998,,,,
244,08/27/23 05:30:24PM,60.1979999999998,,,,
245,08/27/23 05:30:55PM,60.4519999999998,,,,
246,08/27/23 05:31:16PM,60.7059999999998,,,,
247,08/27/23 05:31:57PM,60.9599999999998,,,,
248,08/27/23 05:32:58PM,61.2139999999998,,,,
249,08/27/23 05:33:53PM,61.4679999999998,,,,
250,08/27/23 05:35:21PM,61.7219999999998,,,,
251,08/27/23 05:36:21PM,61.9759999999998,,,,
252,08/27/23 05:56:26PM,62.2299999999998,,,,
253,08/27/23 06:56:11PM,62.4839999999998,,,,
254,08/27/23 08:02:57PM,62.7379999999998,,,,
255,09/11/23 08:23:57PM,62.9919999999998,,,,
256,09/11/23 08:36:48PM,63.2459999999998,,,,
257,09/11/23 08:52:09PM,63.4999999999998,,,,
258,09/12/23 11:55:58AM,,,Logged,,
259,09/12/23 11:56:05AM,,,,Logged,
260,09/12/23 11:56:38AM,,Logged,,,
261,09/12/23 11:56:44AM,63.7539999999998,,,,
262,09/12/23 03:23:10PM,64.0079999999998,,,,
263,09/12/23 03:26:00PM,64.2619999999998,,,,
264,09/12/23 03:29:23PM,64.5159999999998,,,,
265,09/12/23 03:46:14PM,64.7699999999998,,,,
266,09/12/23 03:46:49PM,65.0239999999998,,,,
267,09/12/23 03:47:38PM,65.2779999999998,,,,
268,09/12/23 03:48:18PM,65.5319999999998,,,,
269,09/12/23 03:48:56PM,65.7859999999998,,,,
270,09/12/23 03:50:00PM,66.0399999999998,,,,
271,09/12/23 03:51:49PM,66.2939999999998,,,,
272,09/12/23 03:53:21PM,66.5479999999998,,,,
273,09/12/23 03:55:14PM,66.8019999999998,,,,
274,09/12/23 03:57:56PM,67.0559999999998,,,,
275,09/12/23 03:58:57PM,67.3099999999999,,,,
276,09/12/23 04:00:55PM,67.5639999999999,,,,
277,09/12/23 04:01:20PM,67.8179999999999,,,,
278,09/12/23 04:01:59PM,68.0719999999999,,,,
279,09/12/23 04:02:43PM,68.3259999999999,,,,
280,09/12/23 04:09:20PM,68.5799999999999,,,,
281,09/12/23 04:11:50PM,68.8339999999999,,,,
282,09/12/23 04:15:41PM,69.0879999999999,,,,
283,09/12/23 06:04:38PM,69.3419999999999,,,,
284,09/12/23 06:40:03PM,69.5959999999999,,,,
285,09/17/23 10:17:13PM,69.8499999999999,,,,
286,09/17/23 10:24:59PM,70.1039999999999,,,,
287,09/17/23 10:31:02PM,70.3579999999999,,,,
288,09/17/23 10:57:22PM,70.6119999999999,,,,
289,09/18/23 12:09:09AM,70.8659999999999,,,,
290,09/18/23 12:12:41AM,71.1199999999999,,,,
291,09/18/23 12:20:17AM,71.3739999999999,,,,
292,09/18/23 12:32:19AM,71.6279999999999,,,,
293,09/18/23 12:41:08AM,71.8819999999999,,,,
294,09/18/23 12:47:14AM,72.1359999999999,,,,
295,09/18/23 01:08:37AM,72.3899999999999,,,,
296,09/18/23 01:28:53AM,72.644,,,,
297,09/18/23 01:46:15AM,72.898,,,,
298,09/18/23 01:51:14AM,73.152,,,,
299,09/18/23 01:52:56AM,73.406,,,,
300,09/18/23 01:55:03AM,73.66,,,,
301,09/18/23 02:00:23AM,73.914,,,,
302,09/18/23 02:07:15AM,74.168,,,,
303,09/18/23 02:10:54AM,74.422,,,,
304,09/18/23 02:15:56AM,74.676,,,,
305,09/18/23 02:24:34AM,74.93,,,,
306,09/18/23 02:51:30AM,75.184,,,,
307,09/18/23 02:54:15AM,75.438,,,,
308,09/18/23 02:56:39AM,75.692,,,,
309,09/18/23 03:02:45AM,75.946,,,,
310,09/18/23 03:18:01AM,76.2,,,,
311,09/18/23 03:57:02AM,76.454,,,,
312,09/18/23 07:00:16AM,76.708,,,,
313,09/18/23 07:05:09AM,76.962,,,,
314,09/19/23 09:02:52PM,77.216,,,,
315,09/19/23 09:55:21PM,77.47,,,,
316,09/27/23 05:12:26AM,77.724,,,,
317,09/27/23 05:15:13AM,77.9780000000001,,,,
318,09/27/23 05:17:00AM,78.2320000000001,,,,
319,09/27/23 05:19:31AM,78.4860000000001,,,,
320,09/27/23 05:22:36AM,78.7400000000001,,,,
321,09/27/23 05:25:20AM,78.9940000000001,,,,
322,09/27/23 05:27:21AM,79.2480000000001,,,,
323,09/27/23 05:29:03AM,79.5020000000001,,,,
324,09/27/23 05:31:38AM,79.7560000000001,,,,
325,09/27/23 05:34:17AM,80.0100000000001,,,,
326,09/27/23 05:37:56AM,80.2640000000001,,,,
327,09/27/23 05:41:58AM,80.5180000000001,,,,
328,09/27/23 05:47:59AM,80.7720000000001,,,,
329,09/27/23 05:53:14AM,81.0260000000001,,,,
330,09/27/23 05:56:17AM,81.2800000000001,,,,
331,09/27/23 05:58:58AM,81.5340000000001,,,,
332,09/27/23 06:02:26AM,81.7880000000001,,,,
333,09/27/23 06:05:39AM,82.0420000000001,,,,
334,09/27/23 06:08:08AM,82.2960000000001,,,,
335,09/27/23 06:10:19AM,82.5500000000001,,,,
336,09/27/23 06:12:52AM,82.8040000000001,,,,
337,09/27/23 06:15:40AM,83.0580000000002,,,,
338,09/27/23 06:18:09AM,83.3120000000002,,,,
339,09/27/23 06:21:54AM,83.5660000000002,,,,
340,09/27/23 06:24:56AM,83.8200000000002,,,,
341,09/27/23 06:28:22AM,84.0740000000002,,,,
342,09/27/23 06:32:58AM,84.3280000000002,,,,
343,09/27/23 06:37:50AM,84.5820000000002,,,,
344,09/27/23 06:39:36AM,84.8360000000002,,,,
345,09/27/23 06:40:55AM,85.0900000000002,,,,
346,09/27/23 06:42:11AM,85.3440000000002,,,,
347,09/27/23 06:43:21AM,85.5980000000002,,,,
348,09/27/23 06:44:52AM,85.8520000000002,,,,
349,09/27/23 06:46:42AM,86.1060000000002,,,,
350,09/27/23 06:48:37AM,86.3600000000002,,,,
351,09/27/23 06:50:56AM,86.6140000000002,,,,
352,09/27/23 06:53:50AM,86.8680000000002,,,,
353,09/27/23 06:56:48AM,87.1220000000002,,,,
354,09/27/23 07:00:46AM,87.3760000000002,,,,
355,09/27/23 07:04:16AM,87.6300000000002,,,,
356,09/27/23 07:11:15AM,87.8840000000002,,,,
357,09/27/23 07:18:10AM,88.1380000000003,,,,
358,09/27/23 07:21:13AM,88.3920000000003,,,,
359,09/27/23 07:24:36AM,88.6460000000003,,,,
360,09/27/23 07:29:13AM,88.9000000000003,,,,
361,09/27/23 07:35:45AM,89.1540000000003,,,,
362,09/27/23 07:41:46AM,89.4080000000003,,,,
363,09/27/23 07:45:42AM,89.6620000000003,,,,
364,09/27/23 07:50:15AM,89.9160000000003,,,,
365,09/27/23 07:55:06AM,90.1700000000003,,,,
366,09/27/23 07:59:12AM,90.4240000000003,,,,
367,09/27/23 08:06:20AM,90.6780000000003,,,,
368,09/27/23 10:47:44AM,90.9320000000003,,,,
369,09/27/23 11:02:00AM,91.1860000000003,,,,
370,09/27/23 11:03:50AM,91.4400000000003,,,,
371,09/27/23 11:06:20AM,91.6940000000003,,,,
372,09/27/23 11:13:45AM,91.9480000000003,,,,
373,09/27/23 11:18:58AM,92.2020000000003,,,,
374,09/27/23 11:24:39AM,92.4560000000003,,,,
375,09/27/23 11:27:40AM,92.7100000000003,,,,
376,09/27/23 11:30:40AM,92.9640000000003,,,,
377,09/27/23 11:33:16AM,93.2180000000004,,,,
378,09/27/23 11:36:04AM,93.4720000000003,,,,
379,09/27/23 11:40:45AM,93.7260000000004,,,,
380,09/27/23 11:45:47AM,93.9800000000004,,,,
381,09/27/23 11:48:35AM,94.2340000000004,,,,
382,09/27/23 11:50:40AM,94.4880000000004,,,,
383,09/27/23 11:52:31AM,94.7420000000004,,,,
384,09/27/23 11:54:08AM,94.9960000000004,,,,
385,09/27/23 11:55:37AM,95.2500000000004,,,,
386,09/27/23 11:58:13AM,95.5040000000004,,,,
387,09/27/23 12:00:04PM,95.7580000000004,,,,
388,09/27/23 12:01:10PM,96.0120000000004,,,,
389,09/27/23 12:02:14PM,96.2660000000004,,,,
390,09/27/23 12:03:46PM,96.5200000000004,,,,
391,09/27/23 12:05:38PM,96.7740000000004,,,,
392,09/27/23 12:08:49PM,97.0280000000004,,,,
393,09/27/23 12:11:09PM,97.2820000000004,,,,
394,09/27/23 12:13:57PM,97.5360000000004,,,,
395,09/27/23 12:16:37PM,97.7900000000004,,,,
396,09/27/23 12:19:48PM,98.0440000000004,,,,
397,09/27/23 12:21:48PM,98.2980000000005,,,,
398,09/27/23 12:24:00PM,98.5520000000004,,,,
399,09/27/23 12:26:39PM,98.8060000000005,,,,
400,09/27/23 12:32:13PM,99.0600000000005,,,,
401,09/27/23 12:37:24PM,99.3140000000005,,,,
402,09/27/23 12:42:08PM,99.5680000000005,,,,
403,09/27/23 12:46:07PM,99.8220000000005,,,,
404,09/27/23 12:54:24PM,100.076,,,,
405,09/27/23 01:43:31PM,100.33,,,,
406,09/27/23 04:17:32PM,100.584000000001,,,,
407,09/27/23 04:25:36PM,100.838000000001,,,,
408,09/27/23 04:30:54PM,101.092000000001,,,,
409,09/27/23 04:38:04PM,101.346000000001,,,,
410,09/27/23 05:24:22PM,101.600000000001,,,,
411,09/27/23 05:29:34PM,101.854000000001,,,,
412,09/27/23 05:36:47PM,102.108000000001,,,,
413,09/27/23 05:38:48PM,102.362000000001,,,,
414,09/27/23 05:41:17PM,102.616000000001,,,,
415,09/27/23 05:46:55PM,102.870000000001,,,,
416,09/27/23 07:24:15PM,103.124000000001,,,,
417,09/27/23 07:26:32PM,103.378000000001,,,,
418,09/27/23 07:30:57PM,103.632000000001,,,,
419,09/27/23 07:33:30PM,103.886000000001,,,,
420,09/27/23 07:36:23PM,104.140000000001,,,,
421,09/27/23 07:40:24PM,104.394000000001,,,,
422,09/27/23 07:49:09PM,104.648000000001,,,,
423,09/27/23 08:03:48PM,104.902000000001,,,,
424,09/27/23 08:10:04PM,105.156000000001,,,,
425,09/27/23 08:20:17PM,105.410000000001,,,,
426,09/27/23 08:28:20PM,105.664000000001,,,,
427,09/27/23 08:32:18PM,105.918000000001,,,,
428,09/27/23 08:35:04PM,106.172000000001,,,,
429,09/27/23 08:37:34PM,106.426000000001,,,,
430,09/27/23 08:40:26PM,106.680000000001,,,,
431,09/27/23 08:44:05PM,106.934000000001,,,,
432,09/27/23 08:51:16PM,107.188000000001,,,,
433,09/27/23 09:37:16PM,107.442000000001,,,,
434,09/27/23 09:47:21PM,107.696000000001,,,,
435,09/27/23 09:55:54PM,107.950000000001,,,,
436,09/27/23 10:29:18PM,108.204000000001,,,,
437,09/27/23 10:35:16PM,108.458000000001,,,,
438,09/27/23 10:41:50PM,108.712000000001,,,,
439,09/27/23 10:47:24PM,108.966000000001,,,,
440,09/27/23 10:51:00PM,109.220000000001,,,,
441,09/27/23 10:59:14PM,109.474000000001,,,,
442,09/27/23 11:02:33PM,109.728000000001,,,,
443,09/27/23 11:07:10PM,109.982000000001,,,,
444,09/27/23 11:14:20PM,110.236000000001,,,,
445,09/28/23 12:15:00AM,110.490000000001,,,,
446,09/28/23 12:24:45AM,110.744000000001,,,,
447,09/28/23 12:31:45AM,110.998000000001,,,,
448,09/28/23 12:43:14AM,111.252000000001,,,,
449,09/28/23 08:01:19AM,111.506000000001,,,,
450,09/28/23 08:06:51AM,111.760000000001,,,,
451,09/28/23 08:12:22AM,112.014000000001,,,,
452,10/01/23 05:05:01AM,112.268000000001,,,,
453,10/01/23 06:07:10AM,112.522000000001,,,,
454,10/01/23 06:08:28AM,112.776000000001,,,,
455,10/01/23 06:10:50AM,113.030000000001,,,,
456,10/01/23 06:14:16AM,113.284000000001,,,,
457,10/01/23 06:17:31AM,113.538000000001,,,,
458,10/02/23 12:58:14AM,113.792000000001,,,,
459,10/09/23 10:39:21AM,114.046000000001,,,,
460,10/09/23 10:47:59AM,114.300000000001,,,,
461,10/09/23 07:22:09PM,114.554000000001,,,,
462,10/09/23 07:48:54PM,114.808000000001,,,,
463,10/09/23 08:35:31PM,115.062000000001,,,,
464,10/10/23 01:13:10AM,115.316000000001,,,,
465,10/10/23 04:39:51AM,115.570000000001,,,,
466,10/10/23 09:23:20AM,115.824000000001,,,,
467,10/10/23 09:27:38AM,116.078000000001,,,,
468,10/10/23 12:02:18PM,116.332000000001,,,,
469,10/10/23 01:52:17PM,116.586000000001,,,,
470,10/10/23 02:12:15PM,116.840000000001,,,,
471,10/12/23 03:18:21AM,117.094000000001,,,,
472,10/12/23 04:02:32AM,117.348000000001,,,,
473,10/12/23 04:46:02AM,117.602000000001,,,,
474,10/12/23 05:53:04AM,117.856000000001,,,,
475,10/12/23 06:35:51AM,118.110000000001,,,,
476,10/12/23 06:59:59AM,118.364000000001,,,,
477,10/12/23 09:25:28PM,118.618000000001,,,,
478,10/12/23 09:43:52PM,118.872000000001,,,,
479,10/12/23 09:44:29PM,119.126000000001,,,,
480,10/12/23 09:45:49PM,119.380000000001,,,,
481,10/12/23 10:08:28PM,119.634000000001,,,,
482,10/12/23 10:12:13PM,119.888000000001,,,,
483,10/12/23 10:15:27PM,120.142000000001,,,,
484,10/12/23 11:08:18PM,120.396000000001,,,,
485,10/12/23 11:33:58PM,120.650000000001,,,,
486,10/13/23 12:47:57AM,120.904000000001,,,,
487,10/13/23 01:26:05AM,121.158000000001,,,,
488,10/13/23 02:32:40AM,121.412000000001,,,,
489,10/13/23 06:05:26AM,121.666000000001,,,,
490,10/15/23 09:37:27PM,121.920000000001,,,,
491,10/15/23 11:01:56PM,122.174000000001,,,,
492,10/15/23 11:04:34PM,122.428000000001,,,,
493,10/15/23 11:06:49PM,122.682000000001,,,,
494,10/15/23 11:15:11PM,122.936000000001,,,,
495,10/15/23 11:27:57PM,123.190000000001,,,,
496,10/16/23 12:10:37AM,123.444000000001,,,,
497,10/16/23 01:37:53AM,123.698000000001,,,,
498,10/16/23 01:43:21AM,123.952000000001,,,,
499,10/16/23 01:49:29AM,124.206000000001,,,,
500,10/16/23 03:28:26AM,124.460000000001,,,,
501,10/16/23 04:06:52AM,124.714000000001,,,,
502,10/16/23 04:08:24AM,124.968000000001,,,,
503,10/16/23 04:10:22AM,125.222000000001,,,,
504,10/16/23 04:11:20AM,125.476000000001,,,,
505,10/16/23 04:11:59AM,125.730000000001,,,,
506,10/16/23 04:12:34AM,125.984000000001,,,,
507,10/16/23 04:13:09AM,126.238000000001,,,,
508,10/16/23 04:13:58AM,126.492000000001,,,,
509,10/16/23 04:14:45AM,126.746000000001,,,,
510,10/16/23 04:15:39AM,127.000000000001,,,,
511,10/16/23 04:16:25AM,127.254000000001,,,,
512,10/16/23 04:17:00AM,127.508000000001,,,,
513,10/16/23 04:17:30AM,127.762000000001,,,,
514,10/16/23 04:18:05AM,128.016000000001,,,,
515,10/16/23 04:18:49AM,128.270000000001,,,,
516,10/16/23 04:19:30AM,128.524000000001,,,,
517,10/16/23 04:20:02AM,128.778000000001,,,,
518,10/16/23 04:20:35AM,129.032000000001,,,,
519,10/16/23 04:21:11AM,129.286000000001,,,,
520,10/16/23 04:21:52AM,129.540000000001,,,,
521,10/16/23 04:22:30AM,129.794000000001,,,,
522,10/16/23 04:22:57AM,130.048000000001,,,,
523,10/16/23 04:23:24AM,130.302000000001,,,,
524,10/16/23 04:23:56AM,130.556000000001,,,,
525,10/16/23 04:24:25AM,130.810000000001,,,,
526,10/16/23 04:24:58AM,131.064000000001,,,,
527,10/16/23 04:25:41AM,131.318000000001,,,,
528,10/16/23 04:26:29AM,131.572000000001,,,,
529,10/16/23 04:27:34AM,131.826000000001,,,,
530,10/16/23 04:28:30AM,132.080000000001,,,,
531,10/16/23 04:29:24AM,132.334000000001,,,,
532,10/16/23 04:30:25AM,132.588000000001,,,,
533,10/16/23 04:31:40AM,132.842000000001,,,,
534,10/16/23 04:32:52AM,133.096000000001,,,,
535,10/16/23 04:34:14AM,133.350000000001,,,,
536,10/16/23 04:36:40AM,133.604000000001,,,,
537,10/16/23 04:41:52AM,133.858000000001,,,,
538,10/16/23 04:44:55AM,134.112000000001,,,,
539,10/16/23 04:48:38AM,134.366000000001,,,,
540,10/16/23 05:39:50AM,134.620000000001,,,,
541,10/16/23 05:46:17AM,134.874000000001,,,,
542,10/16/23 05:49:28AM,135.128000000001,,,,
543,10/16/23 05:54:26AM,135.382000000001,,,,
544,10/16/23 05:57:45AM,135.636000000001,,,,
545,10/16/23 06:04:22AM,135.890000000001,,,,
546,10/16/23 06:10:53AM,136.144000000001,,,,
547,10/16/23 06:15:59AM,136.398000000001,,,,
548,10/16/23 06:19:00AM,136.652000000001,,,,
549,10/16/23 06:25:50AM,136.906000000001,,,,
550,10/16/23 06:38:09AM,137.160000000001,,,,
551,10/16/23 06:48:02AM,137.414000000001,,,,
552,10/16/23 06:53:54AM,137.668000000001,,,,
553,10/16/23 06:58:58AM,137.922000000001,,,,
554,10/16/23 07:06:55AM,138.176000000001,,,,
555,10/16/23 07:11:48AM,138.430000000001,,,,
556,10/16/23 07:15:09AM,138.684000000001,,,,
557,10/16/23 07:18:43AM,138.938000000001,,,,
558,10/16/23 07:23:28AM,139.192000000001,,,,
559,10/16/23 07:31:32AM,139.446000000001,,,,
560,10/16/23 07:49:34AM,139.700000000001,,,,
561,10/16/23 08:06:39AM,139.954000000001,,,,
562,10/16/23 09:04:11AM,140.208000000001,,,,
563,10/16/23 09:06:54AM,140.462000000001,,,,
564,10/16/23 09:14:17AM,140.716000000001,,,,
565,10/16/23 09:15:36AM,140.970000000001,,,,
566,10/16/23 09:16:17AM,141.224000000001,,,,
567,10/16/23 09:16:47AM,141.478000000001,,,,
568,10/16/23 09:17:14AM,141.732000000001,,,,
569,10/16/23 09:17:41AM,141.986000000001,,,,
570,10/16/23 09:18:44AM,142.240000000001,,,,
571,10/16/23 09:29:33AM,142.494,,,,
572,10/16/23 11:43:30AM,,,Logged,,
573,10/16/23 11:43:39AM,,,,Logged,
574,10/16/23 11:45:15AM,142.748,,,,
575,10/16/23 11:45:26AM,,Logged,,,
576,10/16/23 01:51:48PM,143.002,,,,
577,10/16/23 01:56:27PM,143.256,,,,
578,10/16/23 01:59:48PM,143.51,,,,
579,10/16/23 02:03:14PM,143.764,,,,
580,10/16/23 02:41:42PM,144.018,,,,
581,10/17/23 01:02:22AM,144.272,,,,
582,10/17/23 01:07:05AM,144.526,,,,
583,10/17/23 01:18:30AM,144.78,,,,
584,10/17/23 01:32:20AM,145.034,,,,
585,10/17/23 01:53:29AM,145.288,,,,
586,10/17/23 02:04:01AM,145.542,,,,
587,10/17/23 02:16:23AM,145.796,,,,
588,10/17/23 02:18:24AM,146.05,,,,
589,10/17/23 02:20:49AM,146.304,,,,
590,10/17/23 02:22:24AM,146.558,,,,
591,10/17/23 02:26:27AM,146.812,,,,
592,10/17/23 02:29:02AM,147.066,,,,
593,10/17/23 02:46:49AM,147.32,,,,
594,10/17/23 02:56:02AM,147.574,,,,
595,10/17/23 02:59:25AM,147.828,,,,
596,10/17/23 03:02:07AM,148.082,,,,
597,10/17/23 03:07:46AM,148.336,,,,
598,10/17/23 03:23:16AM,148.59,,,,
599,10/17/23 03:32:46AM,148.844,,,,
600,10/17/23 03:34:32AM,149.098,,,,
601,10/17/23 03:37:10AM,149.352,,,,
602,10/17/23 03:39:12AM,149.606,,,,
603,10/17/23 03:40:28AM,149.86,,,,
604,10/17/23 03:42:08AM,150.114,,,,
605,10/17/23 03:45:01AM,150.368,,,,
606,10/17/23 03:47:59AM,150.622,,,,
607,10/17/23 03:53:06AM,150.876,,,,
608,10/17/23 06:42:57PM,151.13,,,,
609,10/17/23 06:48:00PM,151.384,,,,
610,10/17/23 06:51:21PM,151.638,,,,
611,10/17/23 06:51:47PM,151.892,,,,
612,10/17/23 06:52:04PM,152.146,,,,
613,10/17/23 06:52:20PM,152.4,,,,
614,10/17/23 06:52:34PM,152.654,,,,
615,10/17/23 06:52:48PM,152.908,,,,
616,10/17/23 06:53:03PM,153.162,,,,
617,10/17/23 06:53:24PM,153.416,,,,
618,10/17/23 06:53:58PM,153.67,,,,
619,10/17/23 06:54:18PM,153.924,,,,
620,10/17/23 06:54:33PM,154.178,,,,
621,10/17/23 06:54:47PM,154.432,,,,
622,10/17/23 06:55:05PM,154.686,,,,
623,10/17/23 06:55:57PM,154.94,,,,
624,10/17/23 06:57:07PM,155.194,,,,
625,10/17/23 06:57:25PM,155.448,,,,
626,10/17/23 06:57:44PM,155.702,,,,
627,10/17/23 06:58:13PM,155.956,,,,
628,10/17/23 06:58:59PM,156.21,,,,
629,10/17/23 07:02:14PM,156.464,,,,
630,10/17/23 07:32:28PM,156.718,,,,
631,10/17/23 07:36:14PM,156.972,,,,
632,10/17/23 07:37:22PM,157.226,,,,
633,10/17/23 07:38:23PM,157.48,,,,
634,10/17/23 07:38:55PM,157.734,,,,
635,10/17/23 07:39:53PM,157.988,,,,
636,10/17/23 07:43:36PM,158.242,,,,
637,10/17/23 08:02:02PM,158.496,,,,
638,10/17/23 08:18:02PM,158.75,,,,
639,10/17/23 08:24:26PM,159.004,,,,
640,10/17/23 08:29:38PM,159.258,,,,
641,10/17/23 08:33:40PM,159.512,,,,
642,10/17/23 08:37:21PM,159.766,,,,
643,10/17/23 09:12:10PM,160.02,,,,
644,10/17/23 09:19:00PM,160.274,,,,
645,10/17/23 09:22:01PM,160.528,,,,
646,10/17/23 09:23:12PM,160.782,,,,
647,10/17/23 09:24:25PM,161.036,,,,
648,10/17/23 09:25:31PM,161.29,,,,
649,10/17/23 09:27:32PM,161.544,,,,
650,10/17/23 09:30:06PM,161.798,,,,
651,10/17/23 09:32:48PM,162.052,,,,
652,10/17/23 09:34:47PM,162.306,,,,
653,10/17/23 09:38:35PM,162.56,,,,
654,10/17/23 09:42:30PM,162.814,,,,
655,10/17/23 10:26:29PM,163.068,,,,
656,10/17/23 10:29:41PM,163.322,,,,
657,10/17/23 10:30:38PM,163.576,,,,
658,10/17/23 10:32:08PM,163.83,,,,
659,10/17/23 10:37:11PM,164.084,,,,
660,10/17/23 10:51:58PM,164.338,,,,
661,10/18/23 12:13:47AM,164.592,,,,
662,10/18/23 03:19:26AM,164.846,,,,
663,10/18/23 04:04:51AM,165.1,,,,
664,10/18/23 04:08:08AM,165.354,,,,
665,10/18/23 04:17:54AM,165.608,,,,
666,10/18/23 04:55:25AM,165.862,,,,
667,10/18/23 11:15:42AM,166.116,,,,
668,10/18/23 11:17:18AM,166.37,,,,
669,10/18/23 11:19:33AM,166.624,,,,
670,10/18/23 11:29:10AM,166.878,,,,
671,10/19/23 03:55:22PM,167.132,,,,
672,10/22/23 07:41:28AM,167.386,,,,
673,10/22/23 07:43:31AM,167.64,,,,
674,10/22/23 07:45:02AM,167.894,,,,
675,10/22/23 07:46:39AM,168.148,,,,
676,10/22/23 07:47:43AM,168.402,,,,
677,10/22/23 02:07:37PM,168.656,,,,
678,10/22/23 02:09:05PM,168.91,,,,
679,10/22/23 02:10:32PM,169.164,,,,
680,10/28/23 06:13:02PM,169.418,,,,
681,10/28/23 06:17:03PM,169.672,,,,
682,10/28/23 06:20:32PM,169.925999999999,,,,
683,10/28/23 06:24:36PM,170.179999999999,,,,
684,10/28/23 06:29:56PM,170.433999999999,,,,
685,10/28/23 06:34:17PM,170.687999999999,,,,
686,10/28/23 06:38:01PM,170.941999999999,,,,
687,10/28/23 06:41:54PM,171.195999999999,,,,
688,10/28/23 06:46:27PM,171.449999999999,,,,
689,10/28/23 06:52:08PM,171.703999999999,,,,
690,10/28/23 06:56:27PM,171.957999999999,,,,
691,10/28/23 07:02:01PM,172.211999999999,,,,
692,10/28/23 07:08:27PM,172.465999999999,,,,
693,10/28/23 07:15:57PM,172.719999999999,,,,
694,10/28/23 07:53:29PM,172.973999999999,,,,
695,10/28/23 08:41:11PM,173.227999999999,,,,
696,10/28/23 09:00:10PM,173.481999999999,,,,
697,10/28/23 09:02:36PM,173.735999999999,,,,
698,10/28/23 09:03:51PM,173.989999999999,,,,
699,10/28/23 09:05:03PM,174.243999999999,,,,
700,10/28/23 09:07:09PM,174.497999999999,,,,
701,10/28/23 09:08:48PM,174.751999999999,,,,
702,10/28/23 09:10:14PM,175.005999999999,,,,
703,10/28/23 09:11:26PM,175.259999999999,,,,
704,10/28/23 09:13:19PM,175.513999999999,,,,
705,10/28/23 09:17:37PM,175.767999999999,,,,
706,10/28/23 09:30:14PM,176.021999999999,,,,
707,10/28/23 09:35:23PM,176.275999999999,,,,
708,10/28/23 09:38:40PM,176.529999999999,,,,
709,10/28/23 09:40:46PM,176.783999999999,,,,
710,10/28/23 09:42:53PM,177.037999999999,,,,
711,10/28/23 09:44:37PM,177.291999999999,,,,
712,10/28/23 09:46:14PM,177.545999999999,,,,
713,10/28/23 09:47:34PM,177.799999999999,,,,
714,10/28/23 09:48:50PM,178.053999999999,,,,
715,10/28/23 09:50:02PM,178.307999999999,,,,
716,10/28/23 09:51:21PM,178.561999999999,,,,
717,10/28/23 09:52:32PM,178.815999999999,,,,
718,10/28/23 09:53:36PM,179.069999999999,,,,
719,10/28/23 09:54:37PM,179.323999999999,,,,
720,10/28/23 09:55:47PM,179.577999999999,,,,
721,10/28/23 09:56:56PM,179.831999999999,,,,
722,10/28/23 09:58:02PM,180.085999999999,,,,
723,10/28/23 09:59:09PM,180.339999999999,,,,
724,10/28/23 10:00:09PM,180.593999999999,,,,
725,10/28/23 10:01:11PM,180.847999999999,,,,
726,10/28/23 10:02:59PM,181.101999999999,,,,
727,10/28/23 10:04:13PM,181.355999999999,,,,
728,10/28/23 10:06:06PM,181.609999999999,,,,
729,10/28/23 10:08:12PM,181.863999999999,,,,
730,10/28/23 10:09:46PM,182.117999999999,,,,
731,10/28/23 10:11:22PM,182.371999999999,,,,
732,10/28/23 10:13:12PM,182.625999999999,,,,
733,10/28/23 10:15:10PM,182.879999999999,,,,
734,10/28/23 10:16:44PM,183.133999999999,,,,
735,10/28/23 10:18:54PM,183.387999999999,,,,
736,10/28/23 10:20:25PM,183.641999999999,,,,
737,10/28/23 10:21:56PM,183.895999999999,,,,
738,10/28/23 10:23:50PM,184.149999999999,,,,
739,10/28/23 10:25:36PM,184.403999999999,,,,
740,10/28/23 10:26:53PM,184.657999999999,,,,
741,10/28/23 10:28:13PM,184.911999999999,,,,
742,10/28/23 10:29:36PM,185.165999999999,,,,
743,10/28/23 10:31:10PM,185.419999999999,,,,
744,10/28/23 10:32:40PM,185.673999999999,,,,
745,10/28/23 10:34:31PM,185.927999999999,,,,
746,10/28/23 10:36:10PM,186.181999999999,,,,
747,10/28/23 10:38:11PM,186.435999999999,,,,
748,10/28/23 10:39:42PM,186.689999999999,,,,
749,10/28/23 10:42:04PM,186.943999999999,,,,
750,10/28/23 10:44:46PM,187.197999999999,,,,
751,10/28/23 10:47:21PM,187.451999999999,,,,
752,10/28/23 10:49:20PM,187.705999999999,,,,
753,10/28/23 10:51:05PM,187.959999999999,,,,
754,10/28/23 10:52:47PM,188.213999999999,,,,
755,10/28/23 10:54:28PM,188.467999999999,,,,
756,10/28/23 10:56:13PM,188.721999999999,,,,
757,10/28/23 10:58:01PM,188.975999999999,,,,
758,10/28/23 10:59:59PM,189.229999999999,,,,
759,10/28/23 11:01:39PM,189.483999999999,,,,
760,10/28/23 11:03:53PM,189.737999999999,,,,
761,10/28/23 11:06:32PM,189.991999999999,,,,
762,10/28/23 11:09:00PM,190.245999999999,,,,
763,10/28/23 11:10:43PM,190.499999999999,,,,
764,10/28/23 11:12:18PM,190.753999999999,,,,
765,10/28/23 11:13:54PM,191.007999999999,,,,
766,10/28/23 11:15:15PM,191.261999999999,,,,
767,10/28/23 11:16:40PM,191.515999999999,,,,
768,10/28/23 11:18:32PM,191.769999999999,,,,
769,10/28/23 11:19:55PM,192.023999999999,,,,
770,10/28/23 11:21:27PM,192.277999999999,,,,
771,10/28/23 11:22:37PM,192.531999999999,,,,
772,10/28/23 11:23:51PM,192.785999999999,,,,
773,10/28/23 11:25:41PM,193.039999999999,,,,
774,10/28/23 11:28:03PM,193.293999999999,,,,
775,10/28/23 11:30:17PM,193.547999999999,,,,
776,10/28/23 11:31:45PM,193.801999999999,,,,
777,10/28/23 11:33:09PM,194.055999999999,,,,
778,10/28/23 11:34:22PM,194.309999999999,,,,
779,10/28/23 11:35:25PM,194.563999999999,,,,
780,10/28/23 11:36:50PM,194.817999999999,,,,
781,10/28/23 11:38:21PM,195.071999999999,,,,
782,10/28/23 11:40:40PM,195.325999999999,,,,
783,10/28/23 11:42:26PM,195.579999999999,,,,
784,10/28/23 11:44:01PM,195.833999999999,,,,
785,10/28/23 11:45:52PM,196.087999999999,,,,
786,10/28/23 11:48:28PM,196.341999999999,,,,
787,10/28/23 11:51:32PM,196.595999999999,,,,
788,10/28/23 11:54:03PM,196.849999999998,,,,
789,10/28/23 11:56:00PM,197.103999999998,,,,
790,10/28/23 11:58:03PM,197.357999999998,,,,
791,10/29/23 12:00:30AM,197.611999999998,,,,
792,10/29/23 12:03:11AM,197.865999999998,,,,
793,10/29/23 12:05:20AM,198.119999999998,,,,
794,10/29/23 12:08:37AM,198.373999999998,,,,
795,10/29/23 12:13:36AM,198.627999999998,,,,
796,10/29/23 12:37:11AM,198.881999999998,,,,
797,10/29/23 05:21:03AM,199.135999999998,,,,
798,10/29/23 06:38:45AM,199.389999999998,,,,
799,10/29/23 06:46:26AM,199.643999999998,,,,
800,10/29/23 06:50:29AM,199.897999999998,,,,
801,10/29/23 06:55:07AM,200.151999999998,,,,
802,10/29/23 07:33:07AM,200.405999999998,,,,
803,10/29/23 07:40:01AM,200.659999999998,,,,
804,10/29/23 07:53:00AM,200.913999999998,,,,
805,10/29/23 08:20:14AM,201.167999999998,,,,
806,10/29/23 08:37:29AM,201.421999999998,,,,
807,10/29/23 09:01:50AM,201.675999999998,,,,
808,10/29/23 09:05:17AM,201.929999999998,,,,
809,10/29/23 09:11:41AM,202.183999999998,,,,
810,10/29/23 09:25:20AM,202.437999999998,,,,
811,10/29/23 09:30:58AM,202.691999999998,,,,
812,10/29/23 09:34:19AM,202.945999999998,,,,
813,10/29/23 09:38:10AM,203.199999999998,,,,
814,10/29/23 09:40:51AM,203.453999999998,,,,
815,10/29/23 09:42:11AM,203.707999999998,,,,
816,10/29/23 09:43:30AM,203.961999999998,,,,
817,10/29/23 09:45:56AM,204.215999999998,,,,
818,10/29/23 09:49:28AM,204.469999999998,,,,
819,10/29/23 09:53:45AM,204.723999999998,,,,
820,10/29/23 09:55:26AM,204.977999999998,,,,
821,10/29/23 09:56:59AM,205.231999999998,,,,
822,10/29/23 09:58:57AM,205.485999999998,,,,
823,10/29/23 10:02:48AM,205.739999999998,,,,
824,10/29/23 10:04:59AM,205.993999999998,,,,
825,10/29/23 10:06:36AM,206.247999999998,,,,
826,10/29/23 10:07:57AM,206.501999999998,,,,
827,10/29/23 10:09:08AM,206.755999999998,,,,
828,10/29/23 10:10:42AM,207.009999999998,,,,
829,10/29/23 10:13:15AM,207.263999999998,,,,
830,10/29/23 10:34:10AM,207.517999999998,,,,
831,10/29/23 11:02:28AM,207.771999999998,,,,
832,10/29/23 11:04:01AM,208.025999999998,,,,
833,10/29/23 11:05:02AM,208.279999999998,,,,
834,10/29/23 11:06:52AM,208.533999999998,,,,
835,10/29/23 11:08:29AM,208.787999999998,,,,
836,10/29/23 11:09:46AM,209.041999999998,,,,
837,10/29/23 11:11:05AM,209.295999999998,,,,
838,10/29/23 11:11:30AM,209.549999999998,,,,
839,10/29/23 11:12:04AM,209.803999999998,,,,
840,10/29/23 11:13:48AM,210.057999999998,,,,
841,10/29/23 11:17:33AM,210.311999999998,,,,
842,10/29/23 11:26:32AM,210.565999999998,,,,
843,10/29/23 11:42:14AM,210.819999999998,,,,
844,10/29/23 11:44:29AM,211.073999999998,,,,
845,10/29/23 11:47:04AM,211.327999999998,,,,
846,10/29/23 11:50:03AM,211.581999999998,,,,
847,10/29/23 11:52:01AM,211.835999999998,,,,
848,10/29/23 11:54:26AM,212.089999999998,,,,
849,10/29/23 11:57:43AM,212.343999999998,,,,
850,10/29/23 12:01:08PM,212.597999999998,,,,
851,10/29/23 12:27:31PM,212.851999999998,,,,
852,10/29/23 12:48:14PM,213.105999999998,,,,
853,10/29/23 12:51:31PM,213.359999999998,,,,
854,10/29/23 12:52:24PM,213.613999999998,,,,
855,10/29/23 12:53:42PM,213.867999999998,,,,
856,10/29/23 12:56:22PM,214.121999999998,,,,
857,10/29/23 12:57:34PM,214.375999999998,,,,
858,10/29/23 12:58:24PM,214.629999999998,,,,
859,10/29/23 01:00:46PM,214.883999999998,,,,
860,10/29/23 01:03:17PM,215.137999999998,,,,
861,10/29/23 01:07:28PM,215.391999999998,,,,
862,10/29/23 01:23:48PM,215.645999999998,,,,
863,10/29/23 01:32:10PM,215.899999999998,,,,
864,10/29/23 01:33:28PM,216.153999999998,,,,
865,10/29/23 01:35:37PM,216.407999999998,,,,
866,10/29/23 01:39:47PM,216.661999999998,,,,
867,10/29/23 01:54:08PM,216.915999999998,,,,
868,10/29/23 01:59:43PM,217.169999999998,,,,
869,10/29/23 02:10:39PM,217.423999999998,,,,
870,10/29/23 02:40:21PM,217.677999999998,,,,
871,10/29/23 02:42:19PM,217.931999999998,,,,
872,10/29/23 02:44:06PM,218.185999999998,,,,
873,10/29/23 03:38:40PM,218.439999999998,,,,
874,10/29/23 03:50:26PM,218.693999999998,,,,
875,10/29/23 03:52:48PM,218.947999999998,,,,
876,10/29/23 03:55:05PM,219.201999999998,,,,
877,10/29/23 04:01:40PM,219.455999999998,,,,
878,10/29/23 04:24:58PM,219.709999999998,,,,
879,10/29/23 04:35:02PM,219.963999999998,,,,
880,10/29/23 04:54:05PM,220.217999999998,,,,
881,10/29/23 05:00:17PM,220.471999999998,,,,
882,10/29/23 05:01:23PM,220.725999999998,,,,
883,10/29/23 05:03:25PM,220.979999999998,,,,
884,10/29/23 05:09:50PM,221.233999999998,,,,
885,10/29/23 05:43:01PM,221.487999999998,,,,
886,10/29/23 06:16:46PM,221.741999999998,,,,
887,10/29/23 06:25:53PM,221.995999999998,,,,
888,10/29/23 06:32:58PM,222.249999999998,,,,
889,10/29/23 06:42:51PM,222.503999999998,,,,
890,10/29/23 08:29:08PM,222.757999999998,,,,
891,10/30/23 01:17:29AM,223.011999999998,,,,
892,10/30/23 04:42:20AM,223.265999999998,,,,
893,10/30/23 05:11:37AM,223.519999999997,,,,
894,10/30/23 05:14:38AM,223.773999999998,,,,
895,10/30/23 05:17:14AM,224.027999999997,,,,
896,10/30/23 05:19:18AM,224.281999999997,,,,
897,10/30/23 05:21:53AM,224.535999999997,,,,
898,10/30/23 05:25:58AM,224.789999999997,,,,
899,10/30/23 05:34:04AM,225.043999999997,,,,
900,10/30/23 05:44:12AM,225.297999999997,,,,
901,10/30/23 06:45:58AM,225.551999999997,,,,
902,10/30/23 06:51:21AM,225.805999999997,,,,
903,10/30/23 06:53:39AM,226.059999999997,,,,
904,10/30/23 06:56:32AM,226.313999999997,,,,
905,10/30/23 06:59:39AM,226.567999999997,,,,
906,10/30/23 07:02:57AM,226.821999999997,,,,
907,10/30/23 07:09:49AM,227.075999999997,,,,
908,10/30/23 07:14:20AM,227.329999999997,,,,
909,10/30/23 07:19:01AM,227.583999999997,,,,
910,10/30/23 07:25:18AM,227.837999999997,,,,
911,10/30/23 07:28:43AM,228.091999999997,,,,
912,10/30/23 07:33:06AM,228.345999999997,,,,
913,10/30/23 07:36:20AM,228.599999999997,,,,
914,10/30/23 07:40:34AM,228.853999999997,,,,
915,10/30/23 08:51:01AM,229.107999999997,,,,
916,10/30/23 12:51:14PM,229.361999999997,,,,
917,10/30/23 02:08:02PM,229.615999999997,,,,
918,10/30/23 02:13:48PM,229.869999999997,,,,
919,10/30/23 02:18:30PM,230.123999999997,,,,
920,10/30/23 02:21:42PM,230.377999999997,,,,
921,10/30/23 02:24:32PM,230.631999999997,,,,
922,10/30/23 02:27:19PM,230.885999999997,,,,
923,10/30/23 02:31:01PM,231.139999999997,,,,
924,10/30/23 02:34:50PM,231.393999999997,,,,
925,10/30/23 02:38:44PM,231.647999999997,,,,
926,10/30/23 02:49:27PM,231.901999999997,,,,
927,10/30/23 03:12:21PM,232.155999999997,,,,
928,10/30/23 04:14:48PM,232.409999999997,,,,
929,10/30/23 05:59:23PM,232.663999999997,,,,
930,10/30/23 06:28:04PM,232.917999999997,,,,
931,10/30/23 07:01:07PM,233.171999999997,,,,
932,10/30/23 07:32:44PM,233.425999999997,,,,
933,10/31/23 05:58:03AM,233.679999999997,,,,
934,10/31/23 06:04:35AM,233.933999999997,,,,
935,10/31/23 06:08:08AM,234.187999999997,,,,
936,10/31/23 06:13:07AM,234.441999999997,,,,
937,10/31/23 06:17:29AM,234.695999999997,,,,
938,10/31/23 06:21:09AM,234.949999999997,,,,
939,10/31/23 06:25:32AM,235.203999999997,,,,
940,10/31/23 06:29:19AM,235.457999999997,,,,
941,10/31/23 06:32:33AM,235.711999999997,,,,
942,10/31/23 06:36:19AM,235.965999999997,,,,
943,10/31/23 06:39:47AM,236.219999999997,,,,
944,10/31/23 06:43:09AM,236.473999999997,,,,
945,10/31/23 06:46:43AM,236.727999999997,,,,
946,10/31/23 06:50:19AM,236.981999999997,,,,
947,10/31/23 06:54:01AM,237.235999999997,,,,
948,10/31/23 06:59:10AM,237.489999999997,,,,
949,10/31/23 07:05:23AM,237.743999999997,,,,
950,10/31/23 07:10:08AM,237.997999999997,,,,
951,10/31/23 07:16:50AM,238.251999999997,,,,
952,10/31/23 07:23:20AM,238.505999999997,,,,
953,10/31/23 07:26:36AM,238.759999999997,,,,
954,10/31/23 07:29:20AM,239.013999999997,,,,
955,10/31/23 07:33:22AM,239.267999999997,,,,
956,10/31/23 07:38:29AM,239.521999999997,,,,
957,10/31/23 07:42:55AM,239.775999999997,,,,
958,10/31/23 07:47:09AM,240.029999999997,,,,
959,10/31/23 07:54:05AM,240.283999999997,,,,
960,10/31/23 08:03:14AM,240.537999999997,,,,
961,10/31/23 08:07:49AM,240.791999999997,,,,
962,10/31/23 08:10:46AM,241.045999999997,,,,
963,10/31/23 08:13:16AM,241.299999999997,,,,
964,10/31/23 08:18:58AM,241.553999999997,,,,
965,10/31/23 08:25:26AM,241.807999999997,,,,
966,10/31/23 08:30:41AM,242.061999999997,,,,
967,10/31/23 08:35:28AM,242.315999999997,,,,
968,10/31/23 08:38:54AM,242.569999999997,,,,
969,10/31/23 08:41:43AM,242.823999999997,,,,
970,10/31/23 08:45:22AM,243.077999999997,,,,
971,10/31/23 08:51:44AM,243.331999999997,,,,
972,10/31/23 09:06:35AM,243.585999999997,,,,
973,10/31/23 09:19:57AM,243.839999999997,,,,
974,10/31/23 11:11:28AM,244.093999999997,,,,
975,10/31/23 11:17:02AM,244.347999999997,,,,
976,10/31/23 11:20:21AM,244.601999999997,,,,
977,10/31/23 11:22:09AM,244.855999999997,,,,
978,10/31/23 11:23:47AM,245.109999999997,,,,
979,10/31/23 11:25:27AM,245.363999999997,,,,
980,10/31/23 11:27:02AM,245.617999999997,,,,
981,10/31/23 11:28:01AM,245.871999999997,,,,
982,10/31/23 11:29:03AM,246.125999999997,,,,
983,10/31/23 11:29:53AM,246.379999999997,,,,
984,10/31/23 11:30:41AM,246.633999999997,,,,
985,10/31/23 11:31:28AM,246.887999999997,,,,
986,10/31/23 11:32:22AM,247.141999999997,,,,
987,10/31/23 11:33:19AM,247.395999999997,,,,
988,10/31/23 11:34:18AM,247.649999999997,,,,
989,10/31/23 11:35:20AM,247.903999999997,,,,
990,10/31/23 11:36:46AM,248.157999999997,,,,
991,10/31/23 11:38:01AM,248.411999999997,,,,
992,10/31/23 11:39:11AM,248.665999999997,,,,
993,10/31/23 11:40:14AM,248.919999999997,,,,
994,10/31/23 11:41:07AM,249.173999999997,,,,
995,10/31/23 11:41:57AM,249.427999999997,,,,
996,10/31/23 11:42:50AM,249.681999999997,,,,
997,10/31/23 11:43:42AM,249.935999999997,,,,
998,10/31/23 11:44:52AM,250.189999999997,,,,
999,10/31/23 11:46:11AM,250.443999999997,,,,
1000,10/31/23 11:47:18AM,250.697999999996,,,,
1001,10/31/23 11:48:35AM,250.951999999996,,,,
1002,10/31/23 11:50:08AM,251.205999999996,,,,
1003,10/31/23 11:51:43AM,251.459999999996,,,,
1004,10/31/23 11:53:01AM,251.713999999996,,,,
1005,10/31/23 11:54:13AM,251.967999999996,,,,
1006,10/31/23 11:55:38AM,252.221999999996,,,,
1007,10/31/23 11:57:11AM,252.475999999996,,,,
1008,10/31/23 11:59:14AM,252.729999999996,,,,
1009,10/31/23 12:01:25PM,252.983999999996,,,,
1010,10/31/23 12:04:03PM,253.237999999996,,,,
1011,10/31/23 12:06:51PM,253.491999999996,,,,
1012,10/31/23 12:10:39PM,253.745999999996,,,,
1013,10/31/23 12:17:19PM,253.999999999996,,,,
1014,10/31/23 12:24:04PM,254.253999999996,,,,
1015,10/31/23 03:22:24PM,254.507999999996,,,,
1016,10/31/23 03:42:11PM,254.761999999996,,,,
1017,10/31/23 03:53:54PM,255.015999999996,,,,
1018,10/31/23 04:05:58PM,255.269999999996,,,,
1019,10/31/23 04:25:44PM,255.523999999996,,,,
1020,10/31/23 04:42:50PM,255.777999999996,,,,
1021,10/31/23 05:04:51PM,256.031999999996,,,,
1022,10/31/23 06:32:17PM,256.285999999996,,,,
1023,10/31/23 06:41:54PM,256.539999999996,,,,
1024,10/31/23 06:55:01PM,256.793999999996,,,,
1025,10/31/23 07:02:07PM,257.047999999996,,,,
1026,10/31/23 07:10:52PM,257.301999999996,,,,
1027,10/31/23 07:20:49PM,257.555999999996,,,,
1028,10/31/23 07:31:10PM,257.809999999996,,,,
1029,10/31/23 07:35:07PM,258.063999999997,,,,
1030,10/31/23 07:42:09PM,258.317999999996,,,,
1031,10/31/23 07:49:07PM,258.571999999997,,,,
1032,10/31/23 07:56:10PM,258.825999999997,,,,
1033,10/31/23 08:04:49PM,259.079999999997,,,,
1034,10/31/23 08:21:30PM,259.333999999997,,,,
1035,10/31/23 08:45:09PM,259.587999999997,,,,
1036,10/31/23 08:57:17PM,259.841999999997,,,,
1037,10/31/23 09:06:22PM,260.095999999997,,,,
1038,10/31/23 09:09:20PM,260.349999999997,,,,
1039,10/31/23 09:12:43PM,260.603999999997,,,,
1040,10/31/23 09:19:30PM,260.857999999997,,,,
1041,10/31/23 09:21:41PM,261.111999999997,,,,
1042,10/31/23 09:26:02PM,261.365999999997,,,,
1043,10/31/23 09:27:31PM,261.619999999997,,,,
1044,10/31/23 09:32:52PM,261.873999999997,,,,
1045,10/31/23 09:38:13PM,262.127999999997,,,,
1046,10/31/23 09:40:40PM,262.381999999997,,,,
1047,10/31/23 09:41:47PM,262.635999999997,,,,
1048,10/31/23 09:43:19PM,262.889999999997,,,,
1049,10/31/23 09:56:49PM,263.143999999997,,,,
1050,10/31/23 10:01:43PM,263.397999999997,,,,
1051,10/31/23 10:04:23PM,263.651999999997,,,,
1052,10/31/23 10:06:33PM,263.905999999997,,,,
1053,10/31/23 10:12:38PM,264.159999999997,,,,
1054,10/31/23 10:24:05PM,264.413999999997,,,,
1055,10/31/23 10:27:43PM,264.667999999997,,,,
1056,10/31/23 10:29:07PM,264.921999999997,,,,
1057,10/31/23 10:30:04PM,265.175999999997,,,,
1058,10/31/23 10:30:40PM,265.429999999997,,,,
1059,10/31/23 10:31:15PM,265.683999999997,,,,
1060,10/31/23 10:31:54PM,265.937999999997,,,,
1061,10/31/23 10:32:36PM,266.191999999997,,,,
1062,10/31/23 10:33:28PM,266.445999999997,,,,
1063,10/31/23 10:34:37PM,266.699999999997,,,,
1064,10/31/23 10:35:34PM,266.953999999997,,,,
1065,10/31/23 10:36:11PM,267.207999999997,,,,
1066,10/31/23 10:36:43PM,267.461999999997,,,,
1067,10/31/23 10:37:23PM,267.715999999997,,,,
1068,10/31/23 10:38:17PM,267.969999999997,,,,
1069,10/31/23 10:39:25PM,268.223999999997,,,,
1070,10/31/23 10:40:53PM,268.477999999997,,,,
1071,10/31/23 10:42:29PM,268.731999999997,,,,
1072,10/31/23 10:45:00PM,268.985999999997,,,,
1073,10/31/23 10:47:32PM,269.239999999997,,,,
1074,10/31/23 10:50:03PM,269.493999999997,,,,
1075,10/31/23 10:52:00PM,269.747999999997,,,,
1076,10/31/23 10:53:19PM,270.001999999997,,,,
1077,10/31/23 10:54:35PM,270.255999999997,,,,
1078,10/31/23 10:55:33PM,270.509999999997,,,,
1079,10/31/23 10:56:17PM,270.763999999997,,,,
1080,10/31/23 10:56:49PM,271.017999999997,,,,
1081,10/31/23 10:57:38PM,271.271999999997,,,,
1082,10/31/23 10:58:51PM,271.525999999997,,,,
1083,10/31/23 11:00:22PM,271.779999999998,,,,
1084,10/31/23 11:01:44PM,272.033999999998,,,,
1085,10/31/23 11:02:48PM,272.287999999998,,,,
1086,10/31/23 11:04:03PM,272.541999999998,,,,
1087,10/31/23 11:05:30PM,272.795999999998,,,,
1088,10/31/23 11:06:50PM,273.049999999998,,,,
1089,10/31/23 11:08:03PM,273.303999999998,,,,
1090,10/31/23 11:09:30PM,273.557999999998,,,,
1091,10/31/23 11:10:46PM,273.811999999998,,,,
1092,10/31/23 11:12:04PM,274.065999999998,,,,
1093,10/31/23 11:12:50PM,274.319999999998,,,,
1094,10/31/23 11:13:25PM,274.573999999998,,,,
1095,10/31/23 11:13:57PM,274.827999999998,,,,
1096,10/31/23 11:14:28PM,275.081999999998,,,,
1097,10/31/23 11:15:19PM,275.335999999998,,,,
1098,10/31/23 11:16:48PM,275.589999999998,,,,
1099,10/31/23 11:18:14PM,275.843999999998,,,,
1100,10/31/23 11:19:42PM,276.097999999998,,,,
1101,10/31/23 11:21:28PM,276.351999999998,,,,
1102,10/31/23 11:23:23PM,276.605999999998,,,,
1103,10/31/23 11:25:05PM,276.859999999998,,,,
1104,10/31/23 11:26:32PM,277.113999999998,,,,
1105,10/31/23 11:27:59PM,277.367999999998,,,,
1106,10/31/23 11:28:51PM,277.621999999998,,,,
1107,10/31/23 11:30:08PM,277.875999999998,,,,
1108,10/31/23 11:31:40PM,278.129999999998,,,,
1109,10/31/23 11:32:57PM,278.383999999998,,,,
1110,10/31/23 11:35:18PM,278.637999999998,,,,
1111,10/31/23 11:37:31PM,278.891999999998,,,,
1112,10/31/23 11:40:21PM,279.145999999998,,,,
1113,10/31/23 11:43:24PM,279.399999999998,,,,
1114,10/31/23 11:46:01PM,279.653999999998,,,,
1115,10/31/23 11:47:35PM,279.907999999998,,,,
1116,10/31/23 11:49:35PM,280.161999999998,,,,
1117,10/31/23 11:51:27PM,280.415999999998,,,,
1118,10/31/23 11:53:34PM,280.669999999998,,,,
1119,10/31/23 11:55:06PM,280.923999999998,,,,
1120,10/31/23 11:56:05PM,281.177999999998,,,,
1121,10/31/23 11:57:24PM,281.431999999998,,,,
1122,10/31/23 11:57:57PM,281.685999999998,,,,
1123,10/31/23 11:58:15PM,281.939999999998,,,,
1124,10/31/23 11:58:29PM,282.193999999998,,,,
1125,10/31/23 11:58:59PM,282.447999999998,,,,
1126,10/31/23 11:59:42PM,282.701999999998,,,,
1127,11/01/23 12:00:40AM,282.955999999998,,,,
1128,11/01/23 12:02:11AM,283.209999999998,,,,
1129,11/01/23 12:03:44AM,283.463999999998,,,,
1130,11/01/23 12:04:55AM,283.717999999998,,,,
1131,11/01/23 12:05:25AM,283.971999999998,,,,
1132,11/01/23 12:05:55AM,284.225999999998,,,,
1133,11/01/23 12:06:11AM,284.479999999998,,,,
1134,11/01/23 12:06:26AM,284.733999999998,,,,
1135,11/01/23 12:06:42AM,284.987999999998,,,,
1136,11/01/23 12:07:00AM,285.241999999999,,,,
1137,11/01/23 12:07:26AM,285.495999999999,,,,
1138,11/01/23 12:08:02AM,285.749999999999,,,,
1139,11/01/23 12:08:43AM,286.003999999999,,,,
1140,11/01/23 12:09:23AM,286.257999999999,,,,
1141,11/01/23 12:10:00AM,286.511999999999,,,,
1142,11/01/23 12:10:34AM,286.765999999999,,,,
1143,11/01/23 12:11:06AM,287.019999999999,,,,
1144,11/01/23 12:11:32AM,287.273999999999,,,,
1145,11/01/23 12:12:15AM,287.527999999999,,,,
1146,11/01/23 12:13:31AM,287.781999999999,,,,
1147,11/01/23 12:15:23AM,288.035999999999,,,,
1148,11/01/23 12:17:13AM,288.289999999999,,,,
1149,11/01/23 12:18:49AM,288.543999999999,,,,
1150,11/01/23 12:20:11AM,288.797999999999,,,,
1151,11/01/23 12:22:44AM,289.051999999999,,,,
1152,11/01/23 12:25:11AM,289.305999999999,,,,
1153,11/01/23 12:30:18AM,289.559999999999,,,,
1154,11/01/23 12:36:24AM,289.813999999999,,,,
1155,11/01/23 12:41:28AM,290.067999999999,,,,
1156,11/01/23 12:48:34AM,290.321999999999,,,,
1157,11/01/23 12:57:35AM,290.575999999999,,,,
1158,11/01/23 01:09:31AM,290.829999999999,,,,
1159,11/02/23 02:00:22AM,291.083999999999,,,,
1160,11/06/23 03:19:19AM,291.337999999999,,,,
1161,11/07/23 11:27:58AM,291.591999999999,,,,
1162,11/07/23 12:22:32PM,,,Logged,,
1163,11/07/23 12:22:35PM,,,,Logged,
1164,11/07/23 12:23:34PM,,Logged,,,
1165,11/07/23 01:52:11PM,291.845999999999,,,,
1166,11/07/23 02:02:16PM,292.099999999999,,,,
1167,11/07/23 02:02:49PM,292.353999999999,,,,
1168,11/07/23 02:03:25PM,292.607999999999,,,,
1169,11/07/23 02:04:10PM,292.861999999999,,,,
1170,11/07/23 02:05:22PM,293.115999999999,,,,
1171,11/07/23 02:06:30PM,293.369999999999,,,,
1172,11/07/23 02:07:48PM,293.623999999999,,,,
1173,11/07/23 02:08:31PM,293.877999999999,,,,
1174,11/07/23 02:09:09PM,294.131999999999,,,,
1175,11/07/23 02:10:20PM,294.385999999999,,,,
1176,11/07/23 02:11:16PM,294.639999999999,,,,
1177,11/07/23 02:12:51PM,294.893999999999,,,,
1178,11/07/23 02:14:03PM,295.147999999999,,,,
1179,11/07/23 02:14:27PM,295.401999999999,,,,
1180,11/07/23 02:14:43PM,295.655999999999,,,,
1181,11/07/23 02:14:56PM,295.909999999999,,,,
1182,11/07/23 02:15:06PM,296.163999999999,,,,
1183,11/07/23 02:15:20PM,296.417999999999,,,,
1184,11/07/23 02:15:28PM,296.671999999999,,,,
1185,11/07/23 02:15:40PM,296.925999999999,,,,
1186,11/07/23 02:15:52PM,297.179999999999,,,,
1187,11/07/23 02:16:07PM,297.433999999999,,,,
1188,11/07/23 02:16:27PM,297.687999999999,,,,
1189,11/07/23 02:16:43PM,297.941999999999,,,,
1190,11/07/23 02:17:07PM,298.195999999999,,,,
1191,11/07/23 02:17:22PM,298.45,,,,
1192,11/07/23 02:17:41PM,298.704,,,,
1193,11/07/23 02:17:59PM,298.958,,,,
1194,11/07/23 02:18:28PM,299.212,,,,
1195,11/07/23 02:18:53PM,299.466,,,,
1196,11/07/23 02:19:26PM,299.72,,,,
1197,11/07/23 02:20:04PM,299.974,,,,
1198,11/07/23 02:20:49PM,300.228,,,,
1199,11/07/23 02:21:41PM,300.482,,,,
1200,11/07/23 02:22:23PM,300.736,,,,
1201,11/07/23 02:23:24PM,300.99,,,,
1202,11/07/23 02:24:00PM,301.244,,,,
1203,11/07/23 02:24:59PM,301.498,,,,
1204,11/07/23 02:25:54PM,301.752,,,,
1205,11/07/23 02:26:51PM,302.006,,,,
1206,11/07/23 02:28:07PM,302.26,,,,
1207,11/07/23 02:29:23PM,302.514,,,,
1208,11/07/23 02:30:55PM,302.768,,,,
1209,11/07/23 02:33:14PM,303.022,,,,
1210,11/07/23 02:35:34PM,303.276,,,,
1211,11/07/23 02:37:34PM,303.53,,,,
1212,11/07/23 02:39:18PM,303.784,,,,
1213,11/07/23 02:40:54PM,304.038,,,,
1214,11/07/23 02:42:24PM,304.292,,,,
1215,11/07/23 02:44:25PM,304.546,,,,
1216,11/07/23 02:46:14PM,304.8,,,,
1217,11/07/23 02:48:43PM,305.054,,,,
1218,11/07/23 02:50:34PM,305.308,,,,
1219,11/07/23 02:52:27PM,305.562,,,,
1220,11/07/23 02:54:21PM,305.816,,,,
1221,11/07/23 02:55:42PM,306.07,,,,
1222,11/07/23 02:57:07PM,306.324,,,,
1223,11/07/23 02:58:35PM,306.578,,,,
1224,11/07/23 03:00:10PM,306.832,,,,
1225,11/07/23 03:02:10PM,307.086,,,,
1226,11/07/23 03:04:54PM,307.34,,,,
1227,11/07/23 03:07:17PM,307.594,,,,
1228,11/07/23 03:09:27PM,307.848,,,,
1229,11/07/23 03:12:23PM,308.102,,,,
1230,11/07/23 03:16:36PM,308.356,,,,
1231,11/07/23 03:22:46PM,308.61,,,,
1232,11/07/23 03:27:16PM,308.864,,,,
1233,11/07/23 03:29:03PM,309.118,,,,
1234,11/07/23 03:30:34PM,309.372,,,,
1235,11/07/23 03:31:31PM,309.626,,,,
1236,11/07/23 03:32:19PM,309.88,,,,
1237,11/07/23 03:33:37PM,310.134,,,,
1238,11/07/23 03:35:09PM,310.388,,,,
1239,11/07/23 03:36:11PM,310.642,,,,
1240,11/07/23 03:38:06PM,310.896,,,,
1241,11/07/23 03:44:04PM,311.15,,,,
1242,11/07/23 03:51:33PM,311.404,,,,
1243,11/07/23 03:57:09PM,311.658000000001,,,,
1244,11/07/23 04:05:24PM,311.912000000001,,,,
1245,11/07/23 04:28:01PM,312.166000000001,,,,
1246,11/07/23 04:53:21PM,312.420000000001,,,,
1247,11/07/23 05:12:05PM,312.674000000001,,,,
1248,11/07/23 05:56:07PM,312.928000000001,,,,
1249,11/07/23 06:17:38PM,313.182000000001,,,,
1250,11/07/23 06:41:14PM,313.436000000001,,,,
1251,11/07/23 06:51:31PM,313.690000000001,,,,
1252,11/07/23 08:22:35PM,313.944000000001,,,,
1253,11/07/23 08:30:47PM,314.198000000001,,,,
1254,11/07/23 08:43:04PM,314.452000000001,,,,
1255,11/07/23 08:52:05PM,314.706000000001,,,,
1256,11/07/23 09:01:39PM,314.960000000001,,,,
1257,11/12/23 05:30:56AM,315.214000000001,,,,
1258,11/12/23 06:38:14AM,315.468000000001,,,,
1259,11/12/23 06:51:33PM,315.722000000001,,,,
1260,11/12/23 11:29:23PM,315.976000000001,,,,
1261,11/13/23 01:43:59AM,316.230000000001,,,,
1262,11/13/23 01:49:53AM,316.484000000001,,,,
1263,11/13/23 09:51:59PM,316.738000000001,,,,
1264,11/13/23 10:22:48PM,316.992000000001,,,,
1265,11/13/23 10:32:06PM,317.246000000001,,,,
1266,11/13/23 10:34:07PM,317.500000000001,,,,
1267,11/13/23 10:34:41PM,317.754000000001,,,,
1268,11/13/23 10:36:13PM,318.008000000001,,,,
1269,11/13/23 10:37:00PM,318.262000000001,,,,
1270,11/13/23 10:38:25PM,318.516000000001,,,,
1271,11/13/23 10:41:45PM,318.770000000001,,,,
1272,11/13/23 10:49:05PM,319.024000000001,,,,
1273,11/13/23 11:06:09PM,319.278000000001,,,,
1274,11/13/23 11:11:49PM,319.532000000001,,,,
1275,11/13/23 11:13:35PM,319.786000000001,,,,
1276,11/13/23 11:15:15PM,320.040000000001,,,,
1277,11/13/23 11:17:44PM,320.294000000001,,,,
1278,11/13/23 11:19:43PM,320.548000000001,,,,
1279,11/13/23 11:24:26PM,320.802000000001,,,,
1280,11/13/23 11:28:00PM,321.056000000001,,,,
1281,11/13/23 11:34:10PM,321.310000000001,,,,
1282,11/13/23 11:47:31PM,321.564000000001,,,,
1283,11/13/23 11:48:05PM,321.818000000001,,,,
1284,11/13/23 11:48:32PM,322.072000000001,,,,
1285,11/13/23 11:49:08PM,322.326000000001,,,,
1286,11/13/23 11:49:50PM,322.580000000001,,,,
1287,11/13/23 11:51:01PM,322.834000000001,,,,
1288,11/13/23 11:51:49PM,323.088000000001,,,,
1289,11/13/23 11:52:57PM,323.342000000001,,,,
1290,11/13/23 11:53:48PM,323.596000000001,,,,
1291,11/13/23 11:58:06PM,323.850000000001,,,,
1292,11/14/23 12:00:08AM,324.104000000001,,,,
1293,11/14/23 12:01:27AM,324.358000000001,,,,
1294,11/14/23 12:02:26AM,324.612000000001,,,,
1295,11/14/23 12:03:36AM,324.866000000002,,,,
1296,11/14/23 12:04:07AM,325.120000000002,,,,
1297,11/14/23 12:04:43AM,325.374000000002,,,,
1298,11/14/23 12:15:14AM,325.628000000002,,,,
1299,11/14/23 12:16:40AM,325.882000000002,,,,
1300,11/14/23 12:19:16AM,326.136000000002,,,,
1301,11/14/23 12:26:56AM,326.390000000002,,,,
1302,11/14/23 12:31:57AM,326.644000000002,,,,
1303,11/14/23 12:42:56AM,326.898000000002,,,,
1304,11/14/23 12:44:12AM,327.152000000002,,,,
1305,11/14/23 12:44:43AM,327.406000000002,,,,
1306,11/14/23 12:45:39AM,327.660000000002,,,,
1307,11/14/23 12:46:58AM,327.914000000002,,,,
1308,11/14/23 12:47:53AM,328.168000000002,,,,
1309,11/14/23 12:49:06AM,328.422000000002,,,,
1310,11/14/23 12:50:32AM,328.676000000002,,,,
1311,11/14/23 12:52:13AM,328.930000000002,,,,
1312,11/14/23 12:57:23AM,329.184000000002,,,,
1313,11/14/23 01:03:08AM,329.438000000002,,,,
1314,11/14/23 01:10:25AM,329.692000000002,,,,
1315,11/14/23 01:47:15AM,329.946000000002,,,,
1316,11/14/23 02:36:16AM,330.200000000002,,,,
1317,11/14/23 02:38:05AM,330.454000000002,,,,
1318,11/14/23 02:45:56AM,330.708000000002,,,,
1319,11/14/23 04:59:42AM,330.962000000002,,,,
1320,11/14/23 06:00:39AM,331.216000000002,,,,
1321,11/14/23 06:05:56AM,331.470000000002,,,,
1322,11/14/23 06:12:06AM,331.724000000002,,,,
1323,11/14/23 06:17:12AM,331.978000000002,,,,
1324,11/14/23 06:19:56AM,332.232000000002,,,,
1325,11/20/23 02:08:37PM,332.486000000002,,,,
1326,11/28/23 06:54:57AM,332.740000000002,,,,
1327,11/28/23 07:17:11AM,332.994000000002,,,,
1328,11/29/23 11:53:27AM,333.248000000002,,,,
1329,11/29/23 02:38:40PM,333.502000000002,,,,
1330,11/29/23 03:45:19PM,333.756000000002,,,,
1331,11/29/23 03:52:43PM,334.010000000002,,,,
1332,11/29/23 03:58:34PM,334.264000000002,,,,
1333,11/29/23 04:05:33PM,334.518000000002,,,,
1334,11/29/23 04:08:59PM,334.772000000002,,,,
1335,11/29/23 04:13:26PM,335.026000000002,,,,
1336,11/29/23 04:23:50PM,335.280000000002,,,,
1337,11/29/23 04:35:11PM,335.534000000002,,,,
1338,11/29/23 04:39:38PM,335.788000000002,,,,
1339,11/29/23 04:47:55PM,336.042000000002,,,,
1340,11/29/23 04:59:43PM,336.296000000002,,,,
1341,11/29/23 05:33:32PM,336.550000000002,,,,
1342,11/29/23 05:56:32PM,336.804000000002,,,,
1343,11/29/23 06:58:53PM,337.058000000002,,,,
1344,11/30/23 03:44:58AM,337.312000000002,,,,
1345,12/03/23 01:58:55AM,337.566000000002,,,,
1346,12/03/23 02:01:17AM,337.820000000002,,,,
1347,12/03/23 02:02:34AM,338.074000000003,,,,
1348,12/03/23 02:06:53AM,338.328000000003,,,,
1349,12/03/23 02:15:30AM,338.582000000003,,,,
1350,12/03/23 02:28:08AM,338.836000000003,,,,
1351,12/03/23 02:49:05AM,339.090000000003,,,,
1352,12/05/23 05:14:37AM,339.344000000003,,,,
1353,12/05/23 07:30:49PM,339.598000000003,,,,
1354,12/06/23 04:36:06AM,339.852000000003,,,,
1355,12/06/23 04:39:00AM,340.106000000003,,,,
1356,12/06/23 04:44:12AM,340.360000000003,,,,
1357,12/06/23 04:51:20AM,340.614000000003,,,,
1358,12/06/23 04:55:12AM,340.868000000003,,,,
1359,12/06/23 04:58:18AM,341.122000000003,,,,
1360,12/06/23 05:02:05AM,341.376000000003,,,,
1361,12/06/23 05:03:02AM,341.630000000003,,,,
1362,12/06/23 05:03:55AM,341.884000000003,,,,
1363,12/06/23 05:04:56AM,342.138000000003,,,,
1364,12/06/23 05:06:12AM,342.392000000003,,,,
1365,12/06/23 05:07:54AM,342.646000000003,,,,
1366,12/06/23 05:11:46AM,342.900000000003,,,,
1367,12/06/23 05:15:50AM,343.154000000003,,,,
1368,12/06/23 05:20:12AM,343.408000000003,,,,
1369,12/06/23 05:22:46AM,343.662000000003,,,,
1370,12/06/23 05:24:18AM,343.916000000003,,,,
1371,12/06/23 05:25:31AM,344.170000000003,,,,
1372,12/06/23 05:27:43AM,344.424000000003,,,,
1373,12/06/23 05:31:00AM,344.678000000003,,,,
1374,12/06/23 05:36:18AM,344.932000000003,,,,
1375,12/06/23 05:39:13AM,345.186000000003,,,,
1376,12/06/23 05:41:59AM,345.440000000003,,,,
1377,12/06/23 05:44:41AM,345.694000000003,,,,
1378,12/06/23 05:49:54AM,345.948000000003,,,,
1379,12/06/23 05:55:30AM,346.202000000003,,,,
1380,12/06/23 06:01:14AM,346.456000000003,,,,
1381,12/06/23 06:08:25AM,346.710000000003,,,,
1382,12/06/23 06:21:06AM,346.964000000003,,,,
1383,12/06/23 06:44:10AM,347.218000000003,,,,
1384,12/06/23 07:01:16AM,347.472000000003,,,,
1385,12/06/23 07:14:47AM,347.726000000003,,,,
1386,12/06/23 07:34:59AM,347.980000000003,,,,
1387,12/06/23 08:03:10AM,348.234000000003,,,,
1388,12/06/23 08:34:33AM,348.488000000003,,,,
1389,12/06/23 09:13:45AM,348.742000000003,,,,
1390,12/06/23 09:33:21AM,348.996000000003,,,,
1391,12/06/23 09:49:19AM,349.250000000003,,,,
1392,12/06/23 10:10:34AM,349.504000000003,,,,
1393,12/06/23 10:30:10AM,349.758000000003,,,,
1394,12/06/23 11:14:34AM,350.012000000003,,,,
1395,12/06/23 11:19:18AM,350.266000000003,,,,
1396,12/06/23 11:25:32AM,350.520000000003,,,,
1397,12/06/23 11:33:55AM,350.774000000003,,,,
1398,12/06/23 11:48:22AM,351.028000000003,,,,
1399,12/06/23 12:10:46PM,351.282000000004,,,,
1400,12/06/23 02:27:36PM,351.536000000004,,,,
1401,12/06/23 03:03:41PM,351.790000000004,,,,
1402,12/06/23 03:04:46PM,352.044000000004,,,,
1403,12/06/23 03:13:13PM,352.298000000004,,,,
1404,12/06/23 05:14:50PM,352.552000000004,,,,
1405,12/06/23 05:31:56PM,352.806000000004,,,,
1406,12/06/23 05:47:51PM,353.060000000004,,,,
1407,12/06/23 08:58:26PM,353.314000000004,,,,
1408,12/06/23 09:07:59PM,353.568000000004,,,,
1409,12/06/23 09:14:06PM,353.822000000004,,,,
1410,12/07/23 01:56:46AM,354.076000000004,,,,
1411,12/07/23 07:25:34AM,354.330000000004,,,,
1412,12/07/23 08:26:45AM,354.584000000004,,,,
1413,12/07/23 08:28:52AM,354.838000000004,,,,
1414,12/07/23 01:00:45PM,355.092000000004,,,,
1415,12/07/23 03:02:52PM,355.346000000004,,,,
1416,12/07/23 03:04:21PM,355.600000000004,,,,
1417,12/07/23 03:04:55PM,355.854000000004,,,,
1418,12/07/23 03:05:31PM,356.108000000004,,,,
1419,12/07/23 03:07:10PM,356.362000000004,,,,
1420,12/07/23 03:09:50PM,356.616000000004,,,,
1421,12/07/23 03:11:42PM,356.870000000004,,,,
1422,12/07/23 03:16:23PM,357.124000000004,,,,
1423,12/09/23 09:03:54PM,357.378000000004,,,,
1424,12/09/23 09:05:33PM,357.632000000004,,,,
1425,12/09/23 09:07:50PM,357.886000000004,,,,
1426,12/09/23 09:10:24PM,358.140000000004,,,,
1427,12/09/23 09:12:09PM,358.394000000004,,,,
1428,12/09/23 09:18:08PM,358.648000000004,,,,
1429,12/09/23 09:28:28PM,358.902000000004,,,,
1430,12/09/23 09:34:07PM,359.156000000004,,,,
1431,12/09/23 09:35:08PM,359.410000000004,,,,
1432,12/09/23 09:35:33PM,359.664000000004,,,,
1433,12/09/23 09:35:50PM,359.918000000004,,,,
1434,12/09/23 09:36:29PM,360.172000000004,,,,
1435,12/09/23 09:37:38PM,360.426000000004,,,,
1436,12/09/23 09:39:51PM,360.680000000004,,,,
1437,12/09/23 09:42:18PM,360.934000000004,,,,
1438,12/09/23 09:43:51PM,361.188000000004,,,,
1439,12/09/23 09:44:48PM,361.442000000004,,,,
1440,12/09/23 09:45:58PM,361.696000000004,,,,
1441,12/09/23 09:48:02PM,361.950000000004,,,,
1442,12/09/23 09:50:09PM,362.204000000004,,,,
1443,12/09/23 09:50:48PM,362.458000000004,,,,
1444,12/09/23 09:51:08PM,362.712000000004,,,,
1445,12/09/23 09:51:29PM,362.966000000004,,,,
1446,12/09/23 09:52:04PM,363.220000000004,,,,
1447,12/09/23 09:52:34PM,363.474000000004,,,,
1448,12/09/23 09:53:13PM,363.728000000004,,,,
1449,12/09/23 09:54:31PM,363.982000000004,,,,
1450,12/09/23 09:57:11PM,364.236000000004,,,,
1451,12/09/23 10:09:48PM,364.490000000004,,,,
1452,12/09/23 10:20:52PM,364.744000000005,,,,
1453,12/09/23 10:37:49PM,364.998000000005,,,,
1454,12/09/23 10:50:05PM,365.252000000005,,,,
1455,12/09/23 10:53:25PM,365.506000000005,,,,
1456,12/09/23 10:57:03PM,365.760000000005,,,,
1457,12/09/23 11:02:55PM,366.014000000005,,,,
1458,12/10/23 04:15:30PM,366.268000000005,,,,
1459,12/10/23 04:36:29PM,366.522000000005,,,,
1460,12/10/23 05:05:54PM,366.776000000005,,,,
1461,12/10/23 05:16:50PM,367.030000000005,,,,
1462,12/10/23 05:31:42PM,367.284000000005,,,,
1463,12/10/23 05:38:28PM,367.538000000005,,,,
1464,12/10/23 05:42:05PM,367.792000000005,,,,
1465,12/10/23 05:45:20PM,368.046000000005,,,,
1466,12/10/23 05:48:22PM,368.300000000005,,,,
1467,12/10/23 05:50:51PM,368.554000000005,,,,
1468,12/10/23 05:52:35PM,368.808000000005,,,,
1469,12/10/23 05:53:54PM,369.062000000005,,,,
1470,12/10/23 05:55:03PM,369.316000000005,,,,
1471,12/10/23 05:56:05PM,369.570000000005,,,,
1472,12/10/23 05:57:14PM,369.824000000005,,,,
1473,12/10/23 05:58:19PM,370.078000000005,,,,
1474,12/10/23 05:59:15PM,370.332000000005,,,,
1475,12/10/23 06:00:11PM,370.586000000005,,,,
1476,12/10/23 06:01:48PM,370.840000000005,,,,
1477,12/10/23 06:03:30PM,371.094000000005,,,,
1478,12/10/23 06:06:11PM,371.348000000005,,,,
1479,12/10/23 06:10:25PM,371.602000000005,,,,
1480,12/10/23 06:22:09PM,371.856000000005,,,,
1481,12/10/23 06:56:51PM,372.110000000005,,,,
1482,12/10/23 07:23:41PM,372.364000000005,,,,
1483,12/10/23 07:30:00PM,372.618000000005,,,,
1484,12/10/23 08:46:39PM,372.872000000005,,,,
1485,12/10/23 09:07:08PM,373.126000000005,,,,
1486,12/10/23 09:13:54PM,373.380000000005,,,,
1487,12/10/23 09:34:41PM,373.634000000005,,,,
1488,12/10/23 10:10:01PM,373.888000000005,,,,
1489,12/10/23 10:24:32PM,374.142000000005,,,,
1490,12/10/23 10:37:28PM,374.396000000005,,,,
1491,12/10/23 10:43:14PM,374.650000000005,,,,
1492,12/10/23 10:45:10PM,374.904000000005,,,,
1493,12/10/23 10:46:13PM,375.158000000005,,,,
1494,12/10/23 10:47:27PM,375.412000000005,,,,
1495,12/10/23 10:49:26PM,375.666000000005,,,,
1496,12/10/23 10:50:42PM,375.920000000005,,,,
1497,12/10/23 10:51:41PM,376.174000000005,,,,
1498,12/10/23 10:52:29PM,376.428000000005,,,,
1499,12/10/23 10:53:28PM,376.682000000005,,,,
1500,12/10/23 10:54:40PM,376.936000000005,,,,
1501,12/10/23 10:56:45PM,377.190000000005,,,,
1502,12/10/23 10:57:55PM,377.444000000005,,,,
1503,12/10/23 10:58:33PM,377.698000000005,,,,
1504,12/10/23 10:58:59PM,377.952000000006,,,,
1505,12/10/23 10:59:25PM,378.206000000006,,,,
1506,12/10/23 10:59:51PM,378.460000000006,,,,
1507,12/10/23 11:00:16PM,378.714000000006,,,,
1508,12/10/23 11:00:44PM,378.968000000006,,,,
1509,12/10/23 11:01:11PM,379.222000000006,,,,
1510,12/10/23 11:01:36PM,379.476000000006,,,,
1511,12/10/23 11:02:04PM,379.730000000006,,,,
1512,12/10/23 11:02:39PM,379.984000000006,,,,
1513,12/10/23 11:03:12PM,380.238000000006,,,,
1514,12/10/23 11:03:44PM,380.492000000006,,,,
1515,12/10/23 11:04:13PM,380.746000000006,,,,
1516,12/10/23 11:04:43PM,381.000000000006,,,,
1517,12/10/23 11:05:10PM,381.254000000006,,,,
1518,12/10/23 11:05:38PM,381.508000000006,,,,
1519,12/10/23 11:06:12PM,381.762000000006,,,,
1520,12/10/23 11:06:42PM,382.016000000006,,,,
1521,12/10/23 11:07:07PM,382.270000000006,,,,
1522,12/10/23 11:07:33PM,382.524000000006,,,,
1523,12/10/23 11:07:53PM,382.778000000006,,,,
1524,12/10/23 11:08:15PM,383.032000000006,,,,
1525,12/10/23 11:08:41PM,383.286000000006,,,,
1526,12/10/23 11:09:21PM,383.540000000006,,,,
1527,12/10/23 11:10:22PM,383.794000000006,,,,
1528,12/10/23 11:11:32PM,384.048000000006,,,,
1529,12/10/23 11:12:22PM,384.302000000006,,,,
1530,12/10/23 11:13:04PM,384.556000000006,,,,
1531,12/10/23 11:13:39PM,384.810000000006,,,,
1532,12/10/23 11:14:14PM,385.064000000006,,,,
1533,12/10/23 11:14:45PM,385.318000000006,,,,
1534,12/10/23 11:15:07PM,385.572000000006,,,,
1535,12/10/23 11:15:29PM,385.826000000006,,,,
1536,12/10/23 11:15:52PM,386.080000000006,,,,
1537,12/10/23 11:16:19PM,386.334000000006,,,,
1538,12/10/23 11:16:44PM,386.588000000006,,,,
1539,12/10/23 11:17:14PM,386.842000000006,,,,
1540,12/10/23 11:17:43PM,387.096000000006,,,,
1541,12/10/23 11:18:15PM,387.350000000006,,,,
1542,12/10/23 11:18:49PM,387.604000000006,,,,
1543,12/10/23 11:19:33PM,387.858000000006,,,,
1544,12/10/23 11:20:22PM,388.112000000006,,,,
1545,12/10/23 11:21:20PM,388.366000000006,,,,
1546,12/10/23 11:22:10PM,388.620000000006,,,,
1547,12/10/23 11:23:13PM,388.874000000006,,,,
1548,12/10/23 11:24:20PM,389.128000000006,,,,
1549,12/10/23 11:26:05PM,389.382000000006,,,,
1550,12/10/23 11:31:36PM,389.636000000006,,,,
1551,12/11/23 12:53:23AM,389.890000000006,,,,
1552,12/11/23 01:03:51AM,390.144000000006,,,,
1553,12/11/23 02:05:04AM,390.398000000006,,,,
1554,12/11/23 02:35:29AM,390.652000000006,,,,
1555,12/11/23 02:44:22AM,390.906000000006,,,,
1556,12/11/23 03:50:06AM,391.160000000007,,,,
1557,12/11/23 03:55:37AM,391.414000000007,,,,
1558,12/11/23 04:09:23AM,391.668000000007,,,,
1559,12/11/23 04:29:46AM,391.922000000007,,,,
1560,12/11/23 04:31:47AM,392.176000000007,,,,
1561,12/11/23 04:32:51AM,392.430000000007,,,,
1562,12/11/23 04:33:27AM,392.684000000007,,,,
1563,12/11/23 04:34:04AM,392.938000000007,,,,
1564,12/11/23 04:34:38AM,393.192000000007,,,,
1565,12/11/23 04:35:58AM,393.446000000007,,,,
1566,12/11/23 04:36:58AM,393.700000000007,,,,
1567,12/11/23 04:37:57AM,393.954000000007,,,,
1568,12/11/23 04:39:48AM,394.208000000007,,,,
1569,12/11/23 04:42:21AM,394.462000000007,,,,
1570,12/11/23 04:45:36AM,394.716000000007,,,,
1571,12/11/23 04:48:49AM,394.970000000007,,,,
1572,12/11/23 04:54:27AM,395.224000000007,,,,
1573,12/11/23 05:02:26AM,395.478000000007,,,,
1574,12/11/23 05:44:29AM,395.732000000007,,,,
1575,12/11/23 09:49:29AM,395.986000000007,,,,
1576,12/11/23 10:02:03AM,396.240000000007,,,,
1577,12/11/23 10:02:17AM,396.494000000007,,,,
1578,12/11/23 10:02:28AM,396.748000000007,,,,
1579,12/11/23 10:02:38AM,397.002000000007,,,,
1580,12/11/23 10:02:50AM,397.256000000007,,,,
1581,12/11/23 10:03:04AM,397.510000000007,,,,
1582,12/11/23 10:03:20AM,397.764000000007,,,,
1583,12/11/23 10:03:36AM,398.018000000007,,,,
1584,12/11/23 10:03:57AM,398.272000000007,,,,
1585,12/11/23 10:04:26AM,398.526000000007,,,,
1586,12/11/23 10:04:59AM,398.780000000007,,,,
1587,12/11/23 10:05:29AM,399.034000000007,,,,
1588,12/11/23 10:05:50AM,399.288000000007,,,,
1589,12/11/23 10:06:15AM,399.542000000007,,,,
1590,12/11/23 10:06:37AM,399.796000000007,,,,
1591,12/11/23 10:07:05AM,400.050000000007,,,,
1592,12/11/23 10:07:48AM,400.304000000007,,,,
1593,12/11/23 10:08:39AM,400.558000000007,,,,
1594,12/11/23 10:09:04AM,400.812000000007,,,,
1595,12/11/23 10:09:20AM,401.066000000007,,,,
1596,12/11/23 10:09:34AM,401.320000000007,,,,
1597,12/11/23 10:09:49AM,401.574000000007,,,,
1598,12/11/23 10:10:03AM,401.828000000007,,,,
1599,12/11/23 10:10:20AM,402.082000000007,,,,
1600,12/11/23 10:10:38AM,402.336000000007,,,,
1601,12/11/23 10:10:55AM,402.590000000007,,,,
1602,12/11/23 10:11:12AM,402.844000000007,,,,
1603,12/11/23 10:11:35AM,403.098000000007,,,,
1604,12/11/23 10:12:05AM,403.352000000007,,,,
1605,12/11/23 10:12:39AM,403.606000000007,,,,
1606,12/11/23 10:13:16AM,403.860000000007,,,,
1607,12/11/23 10:13:59AM,404.114000000008,,,,
1608,12/11/23 10:15:35AM,404.368000000008,,,,
1609,12/11/23 10:25:00AM,404.622000000008,,,,
1610,12/11/23 10:42:00AM,404.876000000008,,,,
1611,12/11/23 10:44:00AM,405.130000000008,,,,
1612,12/11/23 10:44:27AM,405.384000000008,,,,
1613,12/11/23 10:44:51AM,405.638000000008,,,,
1614,12/11/23 10:45:14AM,405.892000000008,,,,
1615,12/11/23 10:45:42AM,406.146000000008,,,,
1616,12/11/23 10:46:32AM,406.400000000008,,,,
1617,12/11/23 10:47:26AM,406.654000000008,,,,
1618,12/11/23 10:48:25AM,406.908000000008,,,,
1619,12/11/23 10:49:57AM,407.162000000008,,,,
1620,12/11/23 10:52:13AM,407.416000000008,,,,
1621,12/11/23 10:54:01AM,407.670000000008,,,,
1622,12/11/23 10:56:19AM,407.924000000008,,,,
1623,12/11/23 10:59:14AM,408.178000000008,,,,
1624,12/11/23 11:02:59AM,408.432000000008,,,,
1625,12/11/23 11:11:13AM,408.686000000008,,,,
1626,12/11/23 11:21:11AM,408.940000000008,,,,
1627,12/11/23 11:25:23AM,409.194000000008,,,,
1628,12/11/23 11:29:38AM,409.448000000008,,,,
1629,12/11/23 11:32:39AM,409.702000000008,,,,
1630,12/11/23 11:35:51AM,409.956000000008,,,,
1631,12/11/23 11:40:02AM,410.210000000008,,,,
1632,12/11/23 11:52:09AM,410.464000000008,,,,
1633,12/11/23 01:14:17PM,410.718000000008,,,,
1634,12/11/23 06:37:00PM,410.972000000008,,,,
1635,12/11/23 06:56:20PM,411.226000000008,,,,
1636,12/12/23 01:07:36PM,,,Logged,,
1637,12/12/23 01:08:31PM,,,,Logged,
1638,12/12/23 01:09:26PM,,Logged,,,
1639,12/13/23 02:36:09PM,411.480000000008,,,,
1640,12/13/23 02:38:16PM,411.734000000008,,,,
1641,12/13/23 02:39:19PM,411.988000000008,,,,
1642,12/13/23 02:40:54PM,412.242000000008,,,,
1643,12/13/23 02:42:16PM,412.496000000008,,,,
1644,12/13/23 02:44:01PM,412.750000000008,,,,
1645,12/13/23 02:47:46PM,413.004000000008,,,,
1646,12/13/23 02:49:01PM,413.258000000008,,,,
1647,12/13/23 02:50:28PM,413.512000000008,,,,
1648,12/13/23 02:52:29PM,413.766000000008,,,,
1649,12/13/23 02:57:21PM,414.020000000008,,,,
1650,12/13/23 02:59:24PM,414.274000000008,,,,
1651,12/13/23 03:03:29PM,414.528000000008,,,,
1652,12/13/23 03:06:52PM,414.782000000008,,,,
1653,12/13/23 03:12:14PM,415.036000000008,,,,
1654,12/15/23 01:22:31AM,415.290000000008,,,,
1655,12/19/23 12:51:49AM,415.544000000008,,,,
1656,12/19/23 12:52:12AM,415.798000000008,,,,
1657,12/19/23 12:52:29AM,416.052000000008,,,,
1658,12/19/23 12:52:43AM,416.306000000008,,,,
1659,12/19/23 12:53:04AM,416.560000000008,,,,
1660,12/19/23 12:53:18AM,416.814000000008,,,,
1661,12/19/23 12:53:35AM,417.068000000008,,,,
1662,12/19/23 12:53:50AM,417.322000000009,,,,
1663,12/19/23 12:54:24AM,417.576000000009,,,,
1664,12/19/23 12:59:15AM,417.830000000009,,,,
1665,12/19/23 01:06:08AM,418.084000000009,,,,
1666,12/25/23 04:40:32PM,418.338000000009,,,,
1667,12/25/23 04:47:53PM,418.592000000009,,,,
1668,12/25/23 04:57:05PM,418.846000000009,,,,
1669,12/25/23 05:21:30PM,419.100000000009,,,,
1670,12/25/23 05:29:32PM,419.354000000009,,,,
1671,12/25/23 05:34:25PM,419.608000000009,,,,
1672,12/25/23 05:43:30PM,419.862000000009,,,,
1673,12/25/23 05:57:02PM,420.116000000009,,,,
1674,12/25/23 07:06:13PM,420.370000000009,,,,
1675,12/25/23 08:38:09PM,420.624000000009,,,,
1676,12/25/23 08:55:08PM,420.878000000009,,,,
1677,12/25/23 09:03:32PM,421.132000000009,,,,
1678,12/25/23 09:22:29PM,421.386000000009,,,,
1679,12/25/23 09:29:46PM,421.640000000009,,,,
1680,12/25/23 09:30:34PM,421.894000000009,,,,
1681,12/25/23 09:31:02PM,422.148000000009,,,,
1682,12/25/23 09:31:25PM,422.402000000009,,,,
1683,12/25/23 09:32:01PM,422.656000000009,,,,
1684,12/25/23 09:33:04PM,422.910000000009,,,,
1685,12/25/23 09:34:53PM,423.164000000009,,,,
1686,12/25/23 09:36:25PM,423.418000000009,,,,
1687,12/25/23 09:37:46PM,423.672000000009,,,,
1688,12/25/23 09:39:23PM,423.926000000009,,,,
1689,12/25/23 09:41:25PM,424.180000000009,,,,
1690,12/25/23 09:44:00PM,424.434000000009,,,,
1691,12/25/23 09:47:23PM,424.688000000009,,,,
1692,12/25/23 09:50:39PM,424.942000000009,,,,
1693,12/25/23 09:54:09PM,425.196000000009,,,,
1694,12/25/23 09:55:41PM,425.450000000009,,,,
1695,12/25/23 09:58:55PM,425.704000000009,,,,
1696,12/25/23 10:02:35PM,425.958000000009,,,,
1697,12/25/23 10:07:14PM,426.212000000009,,,,
1698,12/25/23 10:13:37PM,426.466000000009,,,,
1699,12/25/23 10:18:50PM,426.720000000009,,,,
1700,12/25/23 10:20:30PM,426.974000000009,,,,
1701,12/25/23 10:24:11PM,427.228000000009,,,,
1702,12/25/23 10:29:16PM,427.482000000009,,,,
1703,12/25/23 10:32:33PM,427.736000000009,,,,
1704,12/25/23 10:35:58PM,427.990000000009,,,,
1705,12/25/23 10:40:36PM,428.244000000009,,,,
1706,12/25/23 10:47:47PM,428.498000000009,,,,
1707,12/25/23 10:52:14PM,428.752000000009,,,,
1708,12/25/23 10:55:22PM,429.006000000009,,,,
1709,12/25/23 10:58:52PM,429.260000000009,,,,
1710,12/25/23 11:01:54PM,429.514000000009,,,,
1711,12/25/23 11:05:06PM,429.768000000009,,,,
1712,12/25/23 11:09:35PM,430.022000000009,,,,
1713,12/25/23 11:14:16PM,430.276000000009,,,,
1714,12/25/23 11:18:28PM,430.53000000001,,,,
1715,12/25/23 11:23:40PM,430.78400000001,,,,
1716,12/25/23 11:29:05PM,431.03800000001,,,,
1717,12/25/23 11:33:52PM,431.29200000001,,,,
1718,12/25/23 11:37:21PM,431.54600000001,,,,
1719,12/25/23 11:41:09PM,431.80000000001,,,,
1720,12/25/23 11:42:29PM,432.05400000001,,,,
1721,12/25/23 11:44:50PM,432.30800000001,,,,
1722,12/25/23 11:45:52PM,432.56200000001,,,,
1723,12/25/23 11:47:10PM,432.81600000001,,,,
1724,12/25/23 11:47:52PM,433.07000000001,,,,
1725,12/25/23 11:48:53PM,433.32400000001,,,,
1726,12/25/23 11:51:02PM,433.57800000001,,,,
1727,12/25/23 11:55:14PM,433.83200000001,,,,
1728,12/26/23 12:01:52AM,434.08600000001,,,,
1729,12/26/23 12:09:09AM,434.34000000001,,,,
1730,12/26/23 12:15:51AM,434.59400000001,,,,
1731,12/26/23 12:26:56AM,434.84800000001,,,,
1732,12/26/23 12:31:55AM,435.10200000001,,,,
1733,12/26/23 12:40:33AM,435.35600000001,,,,
1734,12/26/23 12:49:08AM,435.61000000001,,,,
1735,12/26/23 12:59:09AM,435.86400000001,,,,
1736,12/26/23 01:12:41AM,436.11800000001,,,,
1737,12/26/23 01:23:48AM,436.37200000001,,,,
1738,12/26/23 01:34:02AM,436.62600000001,,,,
1739,12/26/23 01:45:00AM,436.88000000001,,,,
1740,12/26/23 01:55:39AM,437.13400000001,,,,
1741,12/26/23 02:06:11AM,437.38800000001,,,,
1742,12/26/23 02:07:54AM,437.64200000001,,,,
1743,12/26/23 02:10:47AM,437.89600000001,,,,
1744,12/26/23 02:14:45AM,438.15000000001,,,,
1745,12/26/23 02:18:18AM,438.40400000001,,,,
1746,12/26/23 02:22:55AM,438.65800000001,,,,
1747,12/26/23 03:09:11AM,438.91200000001,,,,
1748,12/26/23 03:36:34AM,439.16600000001,,,,
1749,12/26/23 03:49:38AM,439.42000000001,,,,
1750,12/26/23 04:10:25AM,439.67400000001,,,,
1751,12/26/23 06:43:18AM,439.92800000001,,,,
1752,12/26/23 06:48:12AM,440.18200000001,,,,
1753,12/26/23 06:53:06AM,440.43600000001,,,,
1754,12/26/23 06:56:30AM,440.69000000001,,,,
1755,12/26/23 06:58:36AM,440.94400000001,,,,
1756,12/26/23 07:00:02AM,441.19800000001,,,,
1757,12/26/23 07:01:13AM,441.45200000001,,,,
1758,12/26/23 07:02:13AM,441.70600000001,,,,
1759,12/26/23 07:03:26AM,441.96000000001,,,,
1760,12/26/23 07:04:37AM,442.21400000001,,,,
1761,12/26/23 07:06:09AM,442.46800000001,,,,
1762,12/26/23 07:07:52AM,442.72200000001,,,,
1763,12/26/23 07:10:09AM,442.97600000001,,,,
1764,12/26/23 07:12:46AM,443.23000000001,,,,
1765,12/26/23 07:16:18AM,443.48400000001,,,,
1766,12/26/23 07:20:27AM,443.738000000011,,,,
1767,12/26/23 07:24:07AM,443.992000000011,,,,
1768,12/26/23 07:28:49AM,444.246000000011,,,,
1769,12/26/23 07:34:03AM,444.500000000011,,,,
1770,12/26/23 07:49:48AM,444.754000000011,,,,
1771,12/26/23 07:54:34AM,445.008000000011,,,,
1772,12/26/23 08:00:15AM,445.262000000011,,,,
1773,12/26/23 08:03:49AM,445.516000000011,,,,
1774,12/26/23 08:07:04AM,445.770000000011,,,,
1775,12/26/23 08:09:31AM,446.024000000011,,,,
1776,12/26/23 08:12:27AM,446.278000000011,,,,
1777,12/26/23 08:15:12AM,446.532000000011,,,,
1778,12/26/23 08:19:43AM,446.786000000011,,,,
1779,12/26/23 08:27:20AM,447.040000000011,,,,
1780,12/26/23 08:45:03AM,447.294000000011,,,,
1781,12/26/23 10:54:47AM,447.548000000011,,,,
1782,12/26/23 11:19:10AM,447.802000000011,,,,
1783,12/26/23 11:57:33AM,448.056000000011,,,,
1784,12/26/23 12:02:20PM,448.310000000011,,,,
1785,12/26/23 12:07:26PM,448.564000000011,,,,
1786,12/26/23 12:10:40PM,448.818000000011,,,,
1787,12/26/23 12:11:19PM,449.072000000011,,,,
1788,12/26/23 12:12:33PM,449.326000000011,,,,
1789,12/26/23 12:16:56PM,449.580000000011,,,,
1790,12/26/23 12:17:50PM,449.834000000011,,,,
1791,12/26/23 12:20:02PM,450.088000000011,,,,
1792,12/26/23 12:27:01PM,450.342000000011,,,,
1793,12/26/23 12:59:08PM,450.596000000011,,,,
1794,12/26/23 01:19:08PM,450.850000000011,,,,
1795,12/26/23 01:19:40PM,451.104000000011,,,,
1796,12/26/23 01:19:57PM,451.358000000011,,,,
1797,12/26/23 01:20:18PM,451.612000000011,,,,
1798,12/26/23 01:20:56PM,451.866000000011,,,,
1799,12/26/23 01:22:13PM,452.120000000011,,,,
1800,12/26/23 01:23:53PM,452.374000000011,,,,
1801,12/26/23 01:24:49PM,452.628000000011,,,,
1802,12/26/23 01:25:24PM,452.882000000011,,,,
1803,12/26/23 01:25:47PM,453.136000000011,,,,
1804,12/26/23 01:26:27PM,453.390000000011,,,,
1805,12/26/23 01:27:03PM,453.644000000011,,,,
1806,12/26/23 01:27:29PM,453.898000000011,,,,
1807,12/26/23 01:27:55PM,454.152000000011,,,,
1808,12/26/23 01:28:26PM,454.406000000011,,,,
1809,12/26/23 01:29:08PM,454.660000000011,,,,
1810,12/26/23 01:30:08PM,454.914000000011,,,,
1811,12/26/23 01:31:49PM,455.168000000011,,,,
1812,12/26/23 01:32:47PM,455.422000000011,,,,
1813,12/26/23 01:33:34PM,455.676000000011,,,,
1814,12/26/23 01:34:01PM,455.930000000011,,,,
1815,12/26/23 01:34:30PM,456.184000000011,,,,
1816,12/26/23 01:35:00PM,456.438000000011,,,,
1817,12/26/23 01:36:20PM,456.692000000011,,,,
1818,12/26/23 01:38:39PM,456.946000000012,,,,
1819,12/26/23 01:39:51PM,457.200000000011,,,,
1820,12/26/23 01:40:33PM,457.454000000012,,,,
1821,12/26/23 01:41:41PM,457.708000000012,,,,
1822,12/26/23 01:42:34PM,457.962000000012,,,,
1823,12/26/23 01:44:10PM,458.216000000012,,,,
1824,12/26/23 01:48:02PM,458.470000000012,,,,
1825,12/26/23 01:52:43PM,458.724000000012,,,,
1826,12/26/23 01:54:17PM,458.978000000012,,,,
1827,12/26/23 01:55:03PM,459.232000000012,,,,
1828,12/26/23 01:56:08PM,459.486000000012,,,,
1829,12/26/23 01:57:17PM,459.740000000012,,,,
1830,12/26/23 01:57:37PM,459.994000000012,,,,
1831,12/26/23 01:58:07PM,460.248000000012,,,,
1832,12/26/23 01:58:53PM,460.502000000012,,,,
1833,12/26/23 01:59:44PM,460.756000000012,,,,
1834,12/26/23 02:00:34PM,461.010000000012,,,,
1835,12/26/23 02:01:09PM,461.264000000012,,,,
1836,12/26/23 02:01:42PM,461.518000000012,,,,
1837,12/26/23 02:02:23PM,461.772000000012,,,,
1838,12/26/23 02:03:17PM,462.026000000012,,,,
1839,12/26/23 02:03:50PM,462.280000000012,,,,
1840,12/26/23 02:04:54PM,462.534000000012,,,,
1841,12/26/23 02:06:11PM,462.788000000012,,,,
1842,12/26/23 02:07:41PM,463.042000000012,,,,
1843,12/26/23 02:08:40PM,463.296000000012,,,,
1844,12/26/23 02:09:41PM,463.550000000012,,,,
1845,12/26/23 02:11:52PM,463.804000000012,,,,
1846,12/26/23 02:13:21PM,464.058000000012,,,,
1847,12/26/23 02:13:50PM,464.312000000012,,,,
1848,12/26/23 02:14:23PM,464.566000000012,,,,
1849,12/26/23 02:16:40PM,464.820000000012,,,,
1850,12/26/23 03:01:28PM,465.074000000012,,,,
1851,12/26/23 03:04:34PM,465.328000000012,,,,
1852,12/26/23 03:05:27PM,465.582000000012,,,,
1853,12/26/23 03:06:04PM,465.836000000012,,,,
1854,12/26/23 03:06:36PM,466.090000000012,,,,
1855,12/26/23 03:07:21PM,466.344000000012,,,,
1856,12/26/23 03:12:20PM,466.598000000012,,,,
1857,12/26/23 03:19:57PM,466.852000000012,,,,
1858,12/26/23 03:25:39PM,467.106000000012,,,,
1859,12/26/23 03:33:08PM,467.360000000012,,,,
1860,12/26/23 03:34:16PM,467.614000000012,,,,
1861,12/26/23 03:35:36PM,467.868000000012,,,,
1862,12/26/23 03:36:29PM,468.122000000012,,,,
1863,12/26/23 04:03:19PM,468.376000000012,,,,
1864,12/26/23 04:18:45PM,468.630000000012,,,,
1865,12/26/23 04:25:41PM,468.884000000012,,,,
1866,12/26/23 04:26:51PM,469.138000000012,,,,
1867,12/26/23 04:28:06PM,469.392000000012,,,,
1868,12/26/23 04:29:06PM,469.646000000012,,,,
1869,12/26/23 04:31:46PM,469.900000000012,,,,
1870,12/26/23 04:32:36PM,470.154000000013,,,,
1871,12/26/23 04:34:03PM,470.408000000012,,,,
1872,12/26/23 04:36:14PM,470.662000000013,,,,
1873,12/26/23 04:39:16PM,470.916000000013,,,,
1874,12/26/23 04:41:13PM,471.170000000013,,,,
1875,12/26/23 04:42:24PM,471.424000000013,,,,
1876,12/26/23 04:42:56PM,471.678000000013,,,,
1877,12/26/23 04:43:31PM,471.932000000013,,,,
1878,12/26/23 04:44:17PM,472.186000000013,,,,
1879,12/26/23 04:47:47PM,472.440000000013,,,,
1880,12/26/23 04:51:15PM,472.694000000013,,,,
1881,12/26/23 04:52:02PM,472.948000000013,,,,
1882,12/26/23 04:53:03PM,473.202000000013,,,,
1883,12/26/23 04:54:06PM,473.456000000013,,,,
1884,12/26/23 04:57:28PM,473.710000000013,,,,
1885,12/26/23 05:05:53PM,473.964000000013,,,,
1886,12/26/23 05:07:53PM,474.218000000013,,,,
1887,12/26/23 05:08:45PM,474.472000000013,,,,
1888,12/26/23 05:09:12PM,474.726000000013,,,,
1889,12/26/23 05:09:33PM,474.980000000013,,,,
1890,12/26/23 05:09:54PM,475.234000000013,,,,
1891,12/26/23 05:10:23PM,475.488000000013,,,,
1892,12/26/23 05:10:49PM,475.742000000013,,,,
1893,12/26/23 05:11:53PM,475.996000000013,,,,
1894,12/26/23 05:12:51PM,476.250000000013,,,,
1895,12/26/23 05:13:49PM,476.504000000013,,,,
1896,12/26/23 05:14:42PM,476.758000000013,,,,
1897,12/26/23 05:15:59PM,477.012000000013,,,,
1898,12/26/23 05:18:04PM,477.266000000013,,,,
1899,12/26/23 05:20:17PM,477.520000000013,,,,
1900,12/26/23 05:21:15PM,477.774000000013,,,,
1901,12/26/23 05:22:02PM,478.028000000013,,,,
1902,12/26/23 05:23:41PM,478.282000000013,,,,
1903,12/26/23 05:25:38PM,478.536000000013,,,,
1904,12/26/23 05:27:12PM,478.790000000013,,,,
1905,12/26/23 05:29:14PM,479.044000000013,,,,
1906,12/26/23 05:30:37PM,479.298000000013,,,,
1907,12/26/23 05:32:40PM,479.552000000013,,,,
1908,12/26/23 05:34:47PM,479.806000000013,,,,
1909,12/26/23 05:38:25PM,480.060000000013,,,,
1910,12/26/23 05:57:03PM,480.314000000013,,,,
1911,12/26/23 05:58:55PM,480.568000000013,,,,
1912,12/26/23 06:12:31PM,480.822000000013,,,,
1913,12/26/23 06:52:40PM,481.076000000013,,,,
1914,12/26/23 06:57:10PM,481.330000000013,,,,
1915,12/26/23 08:16:19PM,481.584000000013,,,,
1916,12/26/23 08:32:38PM,481.838000000013,,,,
1917,12/27/23 12:10:40AM,482.092000000013,,,,
1918,12/27/23 12:21:57AM,482.346000000013,,,,
1919,12/27/23 12:23:08AM,482.600000000013,,,,
1920,12/27/23 12:39:24AM,482.854000000013,,,,
1921,12/27/23 03:40:59AM,483.108000000013,,,,
1922,12/27/23 05:35:26AM,483.362000000014,,,,
1923,12/27/23 06:08:00AM,483.616000000013,,,,
1924,12/27/23 06:17:15AM,483.870000000013,,,,
1925,12/27/23 06:17:40AM,484.124000000014,,,,
1926,12/27/23 06:18:03AM,484.378000000014,,,,
1927,12/27/23 06:18:47AM,484.632000000014,,,,
1928,12/27/23 06:19:45AM,484.886000000014,,,,
1929,12/27/23 06:21:16AM,485.140000000014,,,,
1930,12/27/23 06:22:38AM,485.394000000014,,,,
1931,12/27/23 06:26:53AM,485.648000000014,,,,
1932,12/27/23 06:50:59AM,485.902000000014,,,,
1933,12/27/23 07:15:24AM,486.156000000014,,,,
1934,12/27/23 07:26:37AM,486.410000000014,,,,
1935,12/27/23 07:38:57AM,486.664000000014,,,,
1936,12/27/23 08:16:19AM,486.918000000014,,,,
1937,12/27/23 08:40:17AM,487.172000000014,,,,
1938,12/27/23 12:44:57PM,487.426000000014,,,,
1939,12/27/23 09:39:47PM,487.680000000014,,,,
1940,12/27/23 09:57:04PM,487.934000000014,,,,
1941,12/27/23 10:35:44PM,488.188000000014,,,,
1942,12/27/23 11:14:03PM,488.442000000014,,,,
1943,12/27/23 11:22:42PM,488.696000000014,,,,
1944,12/27/23 11:33:12PM,488.950000000014,,,,
1945,12/27/23 11:40:49PM,489.204000000014,,,,
1946,12/27/23 11:54:53PM,489.458000000014,,,,
1947,12/28/23 12:11:28AM,489.712000000014,,,,
1948,12/28/23 12:15:29AM,489.966000000014,,,,
1949,12/28/23 12:19:48AM,490.220000000014,,,,
1950,12/28/23 12:21:43AM,490.474000000014,,,,
1951,12/28/23 12:25:50AM,490.728000000014,,,,
1952,12/28/23 12:29:33AM,490.982000000014,,,,
1953,12/28/23 12:37:48AM,491.236000000014,,,,
1954,12/28/23 12:43:09AM,491.490000000014,,,,
1955,12/28/23 12:47:44AM,491.744000000014,,,,
1956,12/28/23 12:52:33AM,491.998000000014,,,,
1957,12/28/23 12:57:13AM,492.252000000014,,,,
1958,12/28/23 01:01:49AM,492.506000000014,,,,
1959,12/28/23 01:06:42AM,492.760000000014,,,,
1960,12/28/23 01:09:28AM,493.014000000014,,,,
1961,12/28/23 01:14:36AM,493.268000000014,,,,
1962,12/28/23 01:17:57AM,493.522000000014,,,,
1963,12/28/23 01:24:47AM,493.776000000014,,,,
1964,12/28/23 01:29:22AM,494.030000000014,,,,
1965,12/28/23 01:37:05AM,494.284000000014,,,,
1966,12/28/23 01:39:56AM,494.538000000014,,,,
1967,12/28/23 01:42:07AM,494.792000000014,,,,
1968,12/28/23 01:46:50AM,495.046000000014,,,,
1969,12/28/23 01:50:21AM,495.300000000014,,,,
1970,12/28/23 01:52:46AM,495.554000000014,,,,
1971,12/28/23 02:03:34AM,495.808000000014,,,,
1972,12/28/23 02:09:12AM,496.062000000014,,,,
1973,12/28/23 02:33:46AM,496.316000000014,,,,
1974,12/28/23 02:39:19AM,496.570000000014,,,,
1975,12/28/23 02:50:42AM,496.824000000014,,,,
1976,12/28/23 03:02:07AM,497.078000000014,,,,
1977,12/28/23 03:11:58AM,497.332000000015,,,,
1978,12/28/23 03:21:28AM,497.586000000015,,,,
1979,12/28/23 03:31:43AM,497.840000000015,,,,
1980,12/28/23 04:20:12AM,498.094000000015,,,,
1981,12/28/23 04:43:55AM,498.348000000015,,,,
1982,12/28/23 04:53:04AM,498.602000000015,,,,
1983,12/28/23 05:09:48AM,498.856000000015,,,,
1984,12/28/23 05:24:28AM,499.110000000015,,,,
1985,12/28/23 05:27:09AM,499.364000000015,,,,
1986,12/28/23 05:33:53AM,499.618000000015,,,,
1987,12/28/23 05:46:19AM,499.872000000015,,,,
1988,12/28/23 05:50:30AM,500.126000000015,,,,
1989,12/28/23 05:52:20AM,500.380000000015,,,,
1990,12/28/23 05:54:32AM,500.634000000015,,,,
1991,12/28/23 05:55:05AM,500.888000000015,,,,
1992,12/28/23 05:55:38AM,501.142000000015,,,,
1993,12/28/23 05:57:40AM,501.396000000015,,,,
1994,12/28/23 06:02:11AM,501.650000000015,,,,
1995,12/28/23 06:04:59AM,501.904000000015,,,,
1996,12/28/23 06:07:53AM,502.158000000015,,,,
1997,12/28/23 06:09:28AM,502.412000000015,,,,
1998,12/28/23 06:11:02AM,502.666000000015,,,,
1999,12/28/23 06:13:18AM,502.920000000015,,,,
2000,12/28/23 06:15:05AM,503.174000000015,,,,
2001,12/28/23 06:16:22AM,503.428000000015,,,,
2002,12/28/23 06:18:54AM,503.682000000015,,,,
2003,12/28/23 06:22:58AM,503.936000000015,,,,
2004,12/28/23 06:27:20AM,504.190000000015,,,,
2005,12/28/23 06:38:10AM,504.444000000015,,,,
2006,12/28/23 06:40:00AM,504.698000000015,,,,
2007,12/28/23 06:41:19AM,504.952000000015,,,,
2008,12/28/23 06:42:38AM,505.206000000015,,,,
2009,12/28/23 06:43:28AM,505.460000000015,,,,
2010,12/28/23 06:44:06AM,505.714000000015,,,,
2011,12/28/23 06:44:52AM,505.968000000015,,,,
2012,12/28/23 06:45:38AM,506.222000000015,,,,
2013,12/28/23 06:46:21AM,506.476000000015,,,,
2014,12/28/23 06:46:53AM,506.730000000015,,,,
2015,12/28/23 06:47:30AM,506.984000000015,,,,
2016,12/28/23 06:48:03AM,507.238000000015,,,,
2017,12/28/23 06:48:43AM,507.492000000015,,,,
2018,12/28/23 06:49:20AM,507.746000000015,,,,
2019,12/28/23 06:50:55AM,508.000000000015,,,,
2020,12/28/23 06:53:49AM,508.254000000015,,,,
2021,12/28/23 06:59:45AM,508.508000000015,,,,
2022,12/28/23 07:02:23AM,508.762000000015,,,,
2023,12/28/23 07:05:04AM,509.016000000015,,,,
2024,12/28/23 07:06:40AM,509.270000000015,,,,
2025,12/28/23 07:08:31AM,509.524000000015,,,,
2026,12/28/23 07:10:24AM,509.778000000015,,,,
2027,12/28/23 07:12:03AM,510.032000000015,,,,
2028,12/28/23 07:13:45AM,510.286000000015,,,,
2029,12/28/23 07:15:05AM,510.540000000016,,,,
2030,12/28/23 07:16:01AM,510.794000000016,,,,
2031,12/28/23 07:16:38AM,511.048000000016,,,,
2032,12/28/23 07:17:10AM,511.302000000016,,,,
2033,12/28/23 07:17:48AM,511.556000000016,,,,
2034,12/28/23 07:18:22AM,511.810000000016,,,,
2035,12/28/23 07:19:01AM,512.064000000016,,,,
2036,12/28/23 07:19:45AM,512.318000000016,,,,
2037,12/28/23 07:20:42AM,512.572000000016,,,,
2038,12/28/23 07:22:07AM,512.826000000016,,,,
2039,12/28/23 07:24:05AM,513.080000000016,,,,
2040,12/28/23 07:25:29AM,513.334000000016,,,,
2041,12/28/23 07:26:52AM,513.588000000016,,,,
2042,12/28/23 07:28:19AM,513.842000000016,,,,
2043,12/28/23 07:30:08AM,514.096000000016,,,,
2044,12/28/23 07:32:29AM,514.350000000016,,,,
2045,12/28/23 07:35:01AM,514.604000000016,,,,
2046,12/28/23 07:38:23AM,514.858000000016,,,,
2047,12/28/23 07:42:01AM,515.112000000016,,,,
2048,12/28/23 07:44:10AM,515.366000000016,,,,
2049,12/28/23 07:47:53AM,515.620000000016,,,,
2050,12/28/23 08:10:38AM,515.874000000016,,,,
2051,12/28/23 08:11:28AM,516.128000000016,,,,
2052,12/28/23 08:12:05AM,516.382000000016,,,,
2053,12/28/23 08:13:05AM,516.636000000016,,,,
2054,12/28/23 08:14:45AM,516.890000000016,,,,
2055,12/28/23 08:17:22AM,517.144000000016,,,,
2056,12/28/23 09:11:24AM,517.398000000016,,,,
2057,12/28/23 09:18:00AM,517.652000000016,,,,
2058,12/28/23 09:19:57AM,517.906000000016,,,,
2059,12/28/23 09:21:02AM,518.160000000016,,,,
2060,12/28/23 09:22:17AM,518.414000000016,,,,
2061,12/28/23 09:23:38AM,518.668000000016,,,,
2062,12/28/23 09:24:49AM,518.922000000016,,,,
2063,12/28/23 09:26:01AM,519.176000000016,,,,
2064,12/28/23 09:28:03AM,519.430000000016,,,,
2065,12/28/23 09:29:23AM,519.684000000016,,,,
2066,12/28/23 09:30:29AM,519.938000000016,,,,
2067,12/28/23 09:32:43AM,520.192000000016,,,,
2068,12/28/23 09:34:29AM,520.446000000016,,,,
2069,12/28/23 09:40:25AM,520.700000000016,,,,
2070,12/28/23 10:04:44AM,520.954000000016,,,,
2071,12/28/23 10:07:18AM,521.208000000016,,,,
2072,12/28/23 10:08:52AM,521.462000000016,,,,
2073,12/28/23 10:10:46AM,521.716000000016,,,,
2074,12/28/23 10:13:09AM,521.970000000016,,,,
2075,12/28/23 10:15:36AM,522.224000000016,,,,
2076,12/28/23 10:18:43AM,522.478000000016,,,,
2077,12/28/23 10:23:21AM,522.732000000016,,,,
2078,12/28/23 10:27:19AM,522.986000000016,,,,
2079,12/28/23 10:32:04AM,523.240000000016,,,,
2080,12/28/23 10:36:39AM,523.494000000016,,,,
2081,12/28/23 10:38:59AM,523.748000000016,,,,
2082,12/28/23 10:40:18AM,524.002000000016,,,,
2083,12/28/23 10:42:03AM,524.256000000016,,,,
2084,12/28/23 10:44:24AM,524.510000000017,,,,
2085,12/28/23 10:46:29AM,524.764000000017,,,,
2086,12/28/23 10:50:26AM,525.018000000017,,,,
2087,12/28/23 10:54:11AM,525.272000000017,,,,
2088,12/28/23 10:56:15AM,525.526000000017,,,,
2089,12/28/23 11:04:03AM,525.780000000017,,,,
2090,12/28/23 11:06:08AM,526.034000000017,,,,
2091,12/28/23 11:08:02AM,526.288000000017,,,,
2092,12/28/23 11:09:39AM,526.542000000017,,,,
2093,12/28/23 07:36:10PM,526.796000000017,,,,
2094,12/29/23 03:32:26AM,527.050000000017,,,,
2095,12/29/23 03:54:18AM,527.304000000017,,,,
2096,12/29/23 06:23:02PM,527.558000000017,,,,
2097,12/29/23 06:51:49PM,527.812000000017,,,,
2098,12/29/23 07:00:57PM,528.066000000017,,,,
2099,12/31/23 02:24:05AM,528.320000000017,,,,
2100,12/31/23 03:47:10AM,528.574000000017,,,,
2101,12/31/23 07:18:06AM,528.828000000017,,,,
2102,01/01/24 01:58:49AM,529.082000000017,,,,
2103,01/01/24 02:10:29AM,529.336000000017,,,,
2104,01/01/24 02:17:48AM,529.590000000017,,,,
2105,01/01/24 02:23:06AM,529.844000000017,,,,
2106,01/01/24 02:44:29AM,530.098000000017,,,,
2107,01/01/24 02:59:35AM,530.352000000017,,,,
2108,01/01/24 03:08:03AM,530.606000000017,,,,
2109,01/01/24 03:10:53AM,530.860000000017,,,,
2110,01/01/24 03:14:36AM,531.114000000017,,,,
2111,01/01/24 03:17:50AM,531.368000000017,,,,
2112,01/01/24 03:19:04AM,531.622000000017,,,,
2113,01/01/24 03:20:58AM,531.876000000017,,,,
2114,01/01/24 03:23:47AM,532.130000000017,,,,
2115,01/01/24 03:29:39AM,532.384000000017,,,,
2116,01/01/24 03:31:55AM,532.638000000017,,,,
2117,01/01/24 03:32:22AM,532.892000000017,,,,
2118,01/01/24 03:32:47AM,533.146000000017,,,,
2119,01/01/24 03:33:09AM,533.400000000017,,,,
2120,01/01/24 03:33:25AM,533.654000000017,,,,
2121,01/01/24 03:33:42AM,533.908000000017,,,,
2122,01/01/24 03:34:01AM,534.162000000017,,,,
2123,01/01/24 03:34:23AM,534.416000000017,,,,
2124,01/01/24 03:34:54AM,534.670000000017,,,,
2125,01/01/24 03:35:43AM,534.924000000017,,,,
2126,01/01/24 03:36:52AM,535.178000000017,,,,
2127,01/01/24 03:38:24AM,535.432000000017,,,,
2128,01/01/24 03:38:55AM,535.686000000017,,,,
2129,01/01/24 03:39:21AM,535.940000000017,,,,
2130,01/01/24 03:39:51AM,536.194000000017,,,,
2131,01/01/24 03:40:46AM,536.448000000017,,,,
2132,01/01/24 03:41:42AM,536.702000000017,,,,
2133,01/01/24 03:42:14AM,536.956000000017,,,,
2134,01/01/24 03:42:38AM,537.210000000017,,,,
2135,01/01/24 03:43:07AM,537.464000000017,,,,
2136,01/01/24 03:43:41AM,537.718000000018,,,,
2137,01/01/24 03:44:34AM,537.972000000018,,,,
2138,01/01/24 03:45:14AM,538.226000000018,,,,
2139,01/01/24 03:45:37AM,538.480000000018,,,,
2140,01/01/24 03:45:58AM,538.734000000018,,,,
2141,01/01/24 03:46:34AM,538.988000000018,,,,
2142,01/01/24 03:47:04AM,539.242000000018,,,,
2143,01/01/24 03:47:26AM,539.496000000018,,,,
2144,01/01/24 03:47:51AM,539.750000000018,,,,
2145,01/01/24 03:48:18AM,540.004000000018,,,,
2146,01/01/24 03:48:59AM,540.258000000018,,,,
2147,01/01/24 03:49:45AM,540.512000000018,,,,
2148,01/01/24 03:50:31AM,540.766000000018,,,,
2149,01/01/24 03:51:00AM,541.020000000018,,,,
2150,01/01/24 03:51:24AM,541.274000000018,,,,
2151,01/01/24 03:51:47AM,541.528000000018,,,,
2152,01/01/24 03:52:09AM,541.782000000018,,,,
2153,01/01/24 03:52:30AM,542.036000000018,,,,
2154,01/01/24 03:52:52AM,542.290000000018,,,,
2155,01/01/24 03:53:16AM,542.544000000018,,,,
2156,01/01/24 03:53:40AM,542.798000000018,,,,
2157,01/01/24 03:54:14AM,543.052000000018,,,,
2158,01/01/24 03:54:56AM,543.306000000018,,,,
2159,01/01/24 03:55:31AM,543.560000000018,,,,
2160,01/01/24 03:56:03AM,543.814000000018,,,,
2161,01/01/24 03:56:50AM,544.068000000018,,,,
2162,01/01/24 03:57:42AM,544.322000000018,,,,
2163,01/01/24 03:58:40AM,544.576000000018,,,,
2164,01/01/24 03:59:58AM,544.830000000018,,,,
2165,01/01/24 04:01:32AM,545.084000000018,,,,
2166,01/01/24 04:02:55AM,545.338000000018,,,,
2167,01/01/24 04:04:19AM,545.592000000018,,,,
2168,01/01/24 04:05:31AM,545.846000000018,,,,
2169,01/01/24 04:07:15AM,546.100000000018,,,,
2170,01/01/24 04:15:04AM,546.354000000018,,,,
2171,01/01/24 06:02:40AM,546.608000000018,,,,
2172,01/01/24 07:16:13AM,546.862000000018,,,,
2173,01/01/24 07:41:56AM,547.116000000018,,,,
2174,01/01/24 07:52:03AM,547.370000000018,,,,
2175,01/01/24 08:04:03AM,547.624000000018,,,,
2176,01/01/24 08:06:56AM,547.878000000018,,,,
2177,01/01/24 08:08:55AM,548.132000000018,,,,
2178,01/01/24 08:10:34AM,548.386000000018,,,,
2179,01/01/24 08:13:27AM,548.640000000018,,,,
2180,01/01/24 08:20:56AM,548.894000000018,,,,
2181,01/01/24 08:25:38AM,549.148000000018,,,,
2182,01/01/24 08:32:58AM,549.402000000018,,,,
2183,01/01/24 08:54:25AM,549.656000000018,,,,
2184,01/01/24 09:15:11AM,549.910000000018,,,,
2185,01/01/24 09:15:52AM,550.164000000018,,,,
2186,01/01/24 09:23:30AM,550.418000000018,,,,
2187,01/01/24 09:24:04AM,550.672000000018,,,,
2188,01/01/24 09:24:19AM,550.926000000019,,,,
2189,01/01/24 09:24:36AM,551.180000000019,,,,
2190,01/01/24 09:24:49AM,551.434000000019,,,,
2191,01/01/24 09:25:01AM,551.688000000019,,,,
2192,01/01/24 09:25:11AM,551.942000000019,,,,
2193,01/01/24 09:25:23AM,552.196000000019,,,,
2194,01/01/24 09:25:41AM,552.450000000019,,,,
2195,01/01/24 09:26:02AM,552.704000000019,,,,
2196,01/01/24 09:27:23AM,552.958000000019,,,,
2197,01/01/24 09:31:16AM,553.212000000019,,,,
2198,01/01/24 03:52:15PM,553.466000000019,,,,
2199,01/01/24 04:52:49PM,553.720000000019,,,,
2200,01/01/24 11:56:17PM,553.974000000019,,,,
2201,01/02/24 12:01:08AM,554.228000000019,,,,
2202,01/02/24 12:09:05AM,554.482000000019,,,,
2203,01/02/24 12:47:30AM,554.736000000019,,,,
2204,01/02/24 12:48:59AM,554.990000000019,,,,
2205,01/02/24 12:50:46AM,555.244000000019,,,,
2206,01/02/24 02:41:50AM,555.498000000019,,,,
2207,01/02/24 05:05:19AM,555.752000000019,,,,
2208,01/04/24 04:40:30AM,556.006000000019,,,,
2209,01/04/24 04:43:22AM,556.260000000019,,,,
2210,01/04/24 04:45:27AM,556.514000000019,,,,
2211,01/04/24 04:48:32AM,556.768000000019,,,,
2212,01/04/24 04:54:33AM,557.022000000019,,,,
2213,01/04/24 04:59:03AM,557.276000000019,,,,
2214,01/04/24 05:08:28AM,557.530000000019,,,,
2215,01/04/24 07:40:42AM,557.784000000019,,,,
2216,01/04/24 09:38:47AM,558.038000000019,,,,
2217,01/04/24 09:52:56AM,558.292000000019,,,,
2218,01/10/24 10:12:40AM,,,Logged,,
2219,01/10/24 10:12:45AM,,,,Logged,
2220,01/10/24 10:12:51AM,,,,Logged,
2221,01/10/24 10:13:05AM,558.292000000019,,,,Logged
