Plot Title: Sileza Camp,,,,,,
#,"Date Time, GMT+02:00","Rainfall, mm (LGR S/N: 20102559, SEN S/N: 20102559)",Coupler Detached (LGR S/N: 20102559),Coupler Attached (LGR S/N: 20102559),Host Connected (LGR S/N: 20102559),End Of File (LGR S/N: 20102559)
1,09/13/23 08:43:24AM,0,,,,
2,09/13/23 08:43:32AM,,Logged,,,
3,09/17/23 03:18:35AM,0.254,,,,
4,09/19/23 08:58:18PM,0.508,,,,
5,09/19/23 09:03:02PM,0.762,,,,
6,09/19/23 09:08:26PM,1.016,,,,
7,09/19/23 09:13:38PM,1.27,,,,
8,09/19/23 09:19:57PM,1.524,,,,
9,09/19/23 09:26:02PM,1.778,,,,
10,09/19/23 09:32:39PM,2.032,,,,
11,09/19/23 09:41:24PM,2.286,,,,
12,09/19/23 11:44:30PM,2.54,,,,
13,09/27/23 05:11:17AM,2.794,,,,
14,09/27/23 05:16:12AM,3.048,,,,
15,09/27/23 05:19:52AM,3.302,,,,
16,09/27/23 05:25:02AM,3.556,,,,
17,09/27/23 05:28:44AM,3.81,,,,
18,09/27/23 05:33:20AM,4.064,,,,
19,09/27/23 05:39:24AM,4.318,,,,
20,09/27/23 05:43:43AM,4.572,,,,
21,09/27/23 05:47:45AM,4.826,,,,
22,09/27/23 05:52:06AM,5.08,,,,
23,09/27/23 05:56:40AM,5.334,,,,
24,09/27/23 06:00:39AM,5.588,,,,
25,09/27/23 06:04:00AM,5.842,,,,
26,09/27/23 06:07:29AM,6.096,,,,
27,09/27/23 06:12:24AM,6.35,,,,
28,09/27/23 06:19:43AM,6.604,,,,
29,09/27/23 06:23:49AM,6.858,,,,
30,09/27/23 06:26:20AM,7.112,,,,
31,09/27/23 06:29:48AM,7.36599999999999,,,,
32,09/27/23 06:33:18AM,7.61999999999999,,,,
33,09/27/23 06:36:47AM,7.87399999999999,,,,
34,09/27/23 06:39:35AM,8.12799999999999,,,,
35,09/27/23 06:41:49AM,8.38199999999999,,,,
36,09/27/23 06:44:53AM,8.63599999999999,,,,
37,09/27/23 06:48:26AM,8.88999999999999,,,,
38,09/27/23 06:51:58AM,9.14399999999999,,,,
39,09/27/23 07:04:43AM,9.39799999999999,,,,
40,09/27/23 07:10:37AM,9.65199999999999,,,,
41,09/27/23 07:13:54AM,9.90599999999999,,,,
42,09/27/23 07:16:14AM,10.16,,,,
43,09/27/23 07:18:36AM,10.414,,,,
44,09/27/23 07:19:46AM,10.668,,,,
45,09/27/23 07:20:33AM,10.922,,,,
46,09/27/23 07:22:09AM,11.176,,,,
47,09/27/23 07:24:33AM,11.43,,,,
48,09/27/23 07:26:03AM,11.684,,,,
49,09/27/23 07:27:37AM,11.938,,,,
50,09/27/23 07:29:41AM,12.192,,,,
51,09/27/23 07:31:26AM,12.446,,,,
52,09/27/23 07:33:14AM,12.7,,,,
53,09/27/23 07:35:53AM,12.954,,,,
54,09/27/23 07:43:09AM,13.208,,,,
55,09/27/23 10:47:14AM,13.462,,,,
56,09/27/23 11:01:50AM,13.716,,,,
57,09/27/23 11:12:20AM,13.97,,,,
58,09/27/23 11:18:07AM,14.224,,,,
59,09/27/23 11:23:48AM,14.478,,,,
60,09/27/23 11:26:58AM,14.732,,,,
61,09/27/23 11:32:33AM,14.986,,,,
62,09/27/23 11:38:59AM,15.24,,,,
63,09/27/23 11:41:10AM,15.494,,,,
64,09/27/23 11:43:07AM,15.748,,,,
65,09/27/23 11:44:16AM,16.002,,,,
66,09/27/23 11:45:47AM,16.256,,,,
67,09/27/23 11:47:25AM,16.51,,,,
68,09/27/23 11:49:37AM,16.764,,,,
69,09/27/23 11:51:33AM,17.018,,,,
70,09/27/23 11:53:05AM,17.272,,,,
71,09/27/23 11:55:12AM,17.526,,,,
72,09/27/23 11:57:39AM,17.78,,,,
73,09/27/23 12:00:39PM,18.034,,,,
74,09/27/23 12:05:36PM,18.288,,,,
75,09/27/23 12:11:58PM,18.542,,,,
76,09/27/23 12:16:40PM,18.796,,,,
77,09/27/23 12:23:13PM,19.05,,,,
78,09/27/23 12:38:23PM,19.304,,,,
79,09/27/23 05:07:08PM,19.558,,,,
80,09/27/23 05:15:18PM,19.812,,,,
81,09/27/23 05:20:38PM,20.066,,,,
82,09/27/23 05:28:22PM,20.32,,,,
83,09/27/23 07:43:40PM,20.574,,,,
84,09/27/23 08:01:52PM,20.828,,,,
85,09/27/23 08:04:17PM,21.082,,,,
86,09/27/23 08:06:31PM,21.336,,,,
87,09/27/23 08:08:28PM,21.59,,,,
88,09/27/23 08:10:18PM,21.844,,,,
89,09/27/23 08:12:30PM,22.098,,,,
90,09/27/23 08:15:43PM,22.352,,,,
91,09/27/23 08:19:59PM,22.606,,,,
92,09/27/23 08:22:49PM,22.86,,,,
93,09/27/23 08:27:06PM,23.114,,,,
94,09/27/23 08:40:47PM,23.368,,,,
95,09/27/23 08:57:48PM,23.622,,,,
96,09/27/23 10:09:48PM,23.876,,,,
97,09/27/23 10:35:44PM,24.13,,,,
98,09/28/23 12:18:09AM,24.384,,,,
99,09/28/23 12:36:10AM,24.638,,,,
100,09/28/23 07:39:16AM,24.892,,,,
101,09/28/23 07:49:15AM,25.146,,,,
102,09/28/23 09:39:32AM,25.4,,,,
103,09/28/23 10:27:19AM,25.654,,,,
104,10/09/23 08:09:55PM,25.908,,,,
105,10/09/23 08:31:47PM,26.162,,,,
106,10/09/23 08:56:29PM,26.416,,,,
107,10/10/23 12:24:43AM,26.67,,,,
108,10/10/23 12:42:29AM,26.924,,,,
109,10/10/23 04:45:18AM,27.178,,,,
110,10/10/23 06:05:55AM,27.432,,,,
111,10/10/23 12:57:30PM,27.686,,,,
112,10/11/23 03:40:26AM,27.94,,,,
113,10/11/23 03:51:52AM,28.194,,,,
114,10/12/23 03:13:09AM,28.448,,,,
115,10/12/23 05:16:38AM,28.702,,,,
116,10/12/23 09:58:27PM,28.956,,,,
117,10/12/23 10:03:46PM,29.2100000000001,,,,
118,10/12/23 10:04:32PM,29.464,,,,
119,10/12/23 10:05:57PM,29.7180000000001,,,,
120,10/12/23 10:10:23PM,29.9720000000001,,,,
121,10/12/23 10:21:39PM,30.2260000000001,,,,
122,10/12/23 11:01:25PM,30.4800000000001,,,,
123,10/12/23 11:05:59PM,30.7340000000001,,,,
124,10/12/23 11:20:48PM,30.9880000000001,,,,
125,10/13/23 01:08:09AM,31.2420000000001,,,,
126,10/13/23 06:56:23AM,31.4960000000001,,,,
127,10/16/23 01:29:49AM,31.7500000000001,,,,
128,10/16/23 01:53:33AM,32.0040000000001,,,,
129,10/16/23 04:28:39AM,32.2580000000001,,,,
130,10/16/23 04:31:25AM,32.5120000000001,,,,
131,10/16/23 04:37:24AM,32.7660000000001,,,,
132,10/16/23 05:12:43AM,33.0200000000001,,,,
133,10/16/23 05:24:38AM,33.2740000000001,,,,
134,10/16/23 05:29:51AM,33.528,,,,
135,10/16/23 05:32:21AM,33.782,,,,
136,10/16/23 05:35:40AM,34.036,,,,
137,10/16/23 05:37:27AM,34.29,,,,
138,10/16/23 05:38:42AM,34.544,,,,
139,10/16/23 05:39:41AM,34.798,,,,
140,10/16/23 05:40:43AM,35.052,,,,
141,10/16/23 05:41:50AM,35.306,,,,
142,10/16/23 05:43:15AM,35.56,,,,
143,10/16/23 05:45:03AM,35.814,,,,
144,10/16/23 05:46:36AM,36.068,,,,
145,10/16/23 05:48:00AM,36.322,,,,
146,10/16/23 05:49:16AM,36.576,,,,
147,10/16/23 05:50:34AM,36.83,,,,
148,10/16/23 05:52:19AM,37.084,,,,
149,10/16/23 05:54:17AM,37.338,,,,
150,10/16/23 05:57:39AM,37.592,,,,
151,10/16/23 06:02:42AM,37.846,,,,
152,10/16/23 06:06:48AM,38.1,,,,
153,10/16/23 06:09:38AM,38.354,,,,
154,10/16/23 06:12:45AM,38.608,,,,
155,10/16/23 06:16:23AM,38.862,,,,
156,10/16/23 06:20:10AM,39.116,,,,
157,10/16/23 06:24:17AM,39.37,,,,
158,10/16/23 06:29:51AM,39.624,,,,
159,10/16/23 06:36:26AM,39.878,,,,
160,10/16/23 06:40:37AM,40.132,,,,
161,10/16/23 06:45:08AM,40.386,,,,
162,10/16/23 06:50:49AM,40.64,,,,
163,10/16/23 06:54:48AM,40.894,,,,
164,10/16/23 06:57:19AM,41.148,,,,
165,10/16/23 07:03:21AM,41.402,,,,
166,10/16/23 07:21:18AM,41.656,,,,
167,10/16/23 07:29:15AM,41.91,,,,
168,10/16/23 07:34:45AM,42.164,,,,
169,10/16/23 07:40:40AM,42.418,,,,
170,10/16/23 07:59:23AM,42.672,,,,
171,10/16/23 08:25:50AM,42.926,,,,
172,10/16/23 12:20:10PM,43.18,,,,
173,10/16/23 01:03:56PM,43.434,,,,
174,10/16/23 01:11:24PM,43.688,,,,
175,10/16/23 01:24:38PM,43.942,,,,
176,10/16/23 01:41:44PM,44.196,,,,
177,10/16/23 02:23:36PM,44.45,,,,
178,10/16/23 02:44:46PM,44.704,,,,
179,10/16/23 02:55:54PM,44.958,,,,
180,10/16/23 03:06:29PM,45.212,,,,
181,10/16/23 03:15:19PM,45.4659999999999,,,,
182,10/16/23 05:48:53PM,45.7199999999999,,,,
183,10/17/23 02:20:14AM,45.9739999999999,,,,
184,10/17/23 02:37:54AM,46.2279999999999,,,,
185,10/17/23 02:40:16AM,46.4819999999999,,,,
186,10/17/23 02:42:48AM,46.7359999999999,,,,
187,10/17/23 02:46:04AM,46.9899999999999,,,,
188,10/17/23 03:01:47AM,47.2439999999999,,,,
189,10/17/23 03:04:46AM,47.4979999999999,,,,
190,10/17/23 03:10:00AM,47.7519999999999,,,,
191,10/17/23 03:12:16AM,48.0059999999999,,,,
192,10/17/23 03:13:37AM,48.2599999999999,,,,
193,10/17/23 03:15:57AM,48.5139999999999,,,,
194,10/17/23 03:24:42AM,48.7679999999999,,,,
195,10/17/23 03:31:12AM,49.0219999999999,,,,
196,10/17/23 03:50:10AM,49.2759999999999,,,,
197,10/17/23 03:41:33PM,49.5299999999999,,,,
198,10/17/23 07:46:20PM,49.7839999999999,,,,
199,10/17/23 07:51:17PM,50.0379999999999,,,,
200,10/17/23 08:00:50PM,50.2919999999999,,,,
201,10/17/23 08:02:43PM,50.5459999999999,,,,
202,10/17/23 08:05:02PM,50.7999999999999,,,,
203,10/17/23 08:22:08PM,51.0539999999999,,,,
204,10/17/23 08:32:06PM,51.3079999999999,,,,
205,10/17/23 08:38:24PM,51.5619999999999,,,,
206,10/17/23 08:40:30PM,51.8159999999999,,,,
207,10/17/23 08:43:32PM,52.0699999999999,,,,
208,10/17/23 08:50:42PM,52.3239999999999,,,,
209,10/17/23 08:53:52PM,52.5779999999999,,,,
210,10/17/23 08:58:55PM,52.8319999999999,,,,
211,10/17/23 09:01:45PM,53.0859999999999,,,,
212,10/17/23 09:06:33PM,53.3399999999999,,,,
213,10/17/23 09:10:44PM,53.5939999999999,,,,
214,10/17/23 09:15:55PM,53.8479999999999,,,,
215,10/17/23 09:30:15PM,54.1019999999999,,,,
216,10/17/23 09:42:36PM,54.3559999999999,,,,
217,10/17/23 09:44:20PM,54.6099999999999,,,,
218,10/17/23 09:46:00PM,54.8639999999999,,,,
219,10/17/23 09:48:02PM,55.1179999999999,,,,
220,10/17/23 09:49:26PM,55.3719999999999,,,,
221,10/17/23 09:51:33PM,55.6259999999999,,,,
222,10/17/23 09:52:50PM,55.8799999999999,,,,
223,10/17/23 09:54:07PM,56.1339999999999,,,,
224,10/17/23 09:55:08PM,56.3879999999999,,,,
225,10/17/23 09:55:40PM,56.6419999999999,,,,
226,10/17/23 09:56:19PM,56.8959999999998,,,,
227,10/17/23 09:57:11PM,57.1499999999998,,,,
228,10/17/23 09:57:51PM,57.4039999999998,,,,
229,10/17/23 09:58:23PM,57.6579999999998,,,,
230,10/17/23 09:59:05PM,57.9119999999998,,,,
231,10/17/23 10:00:33PM,58.1659999999998,,,,
232,10/17/23 10:03:25PM,58.4199999999998,,,,
233,10/17/23 10:08:20PM,58.6739999999998,,,,
234,10/17/23 10:13:28PM,58.9279999999998,,,,
235,10/17/23 10:16:02PM,59.1819999999998,,,,
236,10/17/23 10:24:54PM,59.4359999999998,,,,
237,10/17/23 10:33:48PM,59.6899999999998,,,,
238,10/17/23 10:46:51PM,59.9439999999998,,,,
239,10/17/23 11:13:37PM,60.1979999999998,,,,
240,10/17/23 11:13:57PM,60.4519999999998,,,,
241,10/17/23 11:14:12PM,60.7059999999998,,,,
242,10/17/23 11:14:29PM,60.9599999999998,,,,
243,10/17/23 11:14:44PM,61.2139999999998,,,,
244,10/17/23 11:14:59PM,61.4679999999998,,,,
245,10/17/23 11:15:18PM,61.7219999999998,,,,
246,10/17/23 11:16:09PM,61.9759999999998,,,,
247,10/17/23 11:16:46PM,62.2299999999998,,,,
248,10/17/23 11:17:15PM,62.4839999999998,,,,
249,10/17/23 11:17:41PM,62.7379999999998,,,,
250,10/17/23 11:18:15PM,62.9919999999998,,,,
251,10/17/23 11:18:45PM,63.2459999999998,,,,
252,10/17/23 11:19:23PM,63.4999999999998,,,,
253,10/17/23 11:19:55PM,63.7539999999998,,,,
254,10/17/23 11:20:30PM,64.0079999999998,,,,
255,10/17/23 11:21:02PM,64.2619999999998,,,,
256,10/17/23 11:21:39PM,64.5159999999998,,,,
257,10/17/23 11:22:14PM,64.7699999999998,,,,
258,10/17/23 11:23:07PM,65.0239999999998,,,,
259,10/17/23 11:24:17PM,65.2779999999998,,,,
260,10/17/23 11:25:14PM,65.5319999999998,,,,
261,10/17/23 11:25:46PM,65.7859999999998,,,,
262,10/17/23 11:26:26PM,66.0399999999998,,,,
263,10/17/23 11:28:45PM,66.2939999999998,,,,
264,10/18/23 12:02:40AM,66.5479999999998,,,,
265,10/18/23 12:47:17AM,66.8019999999998,,,,
266,10/18/23 12:52:23AM,67.0559999999998,,,,
267,10/18/23 12:58:19AM,67.3099999999999,,,,
268,10/18/23 01:26:28AM,67.5639999999999,,,,
269,10/18/23 01:31:34AM,67.8179999999999,,,,
270,10/18/23 01:39:12AM,68.0719999999999,,,,
271,10/18/23 01:52:44AM,68.3259999999999,,,,
272,10/18/23 02:18:34AM,68.5799999999999,,,,
273,10/18/23 02:32:45AM,68.8339999999999,,,,
274,10/18/23 02:34:36AM,69.0879999999999,,,,
275,10/18/23 02:35:21AM,69.3419999999999,,,,
276,10/18/23 02:36:34AM,69.5959999999999,,,,
277,10/18/23 02:39:33AM,69.8499999999999,,,,
278,10/18/23 03:04:12AM,70.1039999999999,,,,
279,10/18/23 03:05:20AM,70.3579999999999,,,,
280,10/18/23 03:07:12AM,70.6119999999999,,,,
281,10/18/23 03:07:58AM,70.8659999999999,,,,
282,10/18/23 03:08:38AM,71.1199999999999,,,,
283,10/18/23 03:14:44AM,71.3739999999999,,,,
284,10/18/23 03:20:35AM,71.6279999999999,,,,
285,10/18/23 03:21:39AM,71.8819999999999,,,,
286,10/18/23 03:22:30AM,72.1359999999999,,,,
287,10/18/23 03:23:21AM,72.3899999999999,,,,
288,10/18/23 03:24:38AM,72.644,,,,
289,10/18/23 03:26:09AM,72.898,,,,
290,10/18/23 03:37:43AM,73.152,,,,
291,10/18/23 03:45:47AM,73.406,,,,
292,10/18/23 03:50:31AM,73.66,,,,
293,10/18/23 03:52:02AM,73.914,,,,
294,10/18/23 03:56:11AM,74.168,,,,
295,10/18/23 03:58:34AM,74.422,,,,
296,10/18/23 04:00:39AM,74.676,,,,
297,10/18/23 04:07:25AM,74.93,,,,
298,10/18/23 04:13:15AM,75.184,,,,
299,10/18/23 04:39:57AM,75.438,,,,
300,10/18/23 04:48:19AM,75.692,,,,
301,10/18/23 05:03:11AM,75.946,,,,
302,10/18/23 05:05:37AM,76.2,,,,
303,10/18/23 05:07:22AM,76.454,,,,
304,10/18/23 05:10:08AM,76.708,,,,
305,10/18/23 05:13:57AM,76.962,,,,
306,10/18/23 05:19:25AM,77.216,,,,
307,10/18/23 05:25:20AM,77.47,,,,
308,10/18/23 05:29:57AM,77.724,,,,
309,10/18/23 05:43:09AM,77.9780000000001,,,,
310,10/18/23 07:13:06AM,78.2320000000001,,,,
311,10/18/23 07:33:18AM,78.4860000000001,,,,
312,10/18/23 07:35:42AM,78.7400000000001,,,,
313,10/18/23 09:08:18AM,78.9940000000001,,,,
314,10/18/23 09:10:02AM,79.2480000000001,,,,
315,10/18/23 09:33:16AM,79.5020000000001,,,,
316,10/18/23 09:36:01AM,79.7560000000001,,,,
317,10/18/23 09:38:44AM,80.0100000000001,,,,
318,10/18/23 09:49:25AM,80.2640000000001,,,,
319,10/22/23 07:13:15AM,80.5180000000001,,,,
320,10/28/23 06:07:45PM,80.7720000000001,,,,
321,10/28/23 06:12:17PM,81.0260000000001,,,,
322,10/28/23 06:18:06PM,81.2800000000001,,,,
323,10/28/23 06:21:08PM,81.5340000000001,,,,
324,10/28/23 06:23:02PM,81.7880000000001,,,,
325,10/28/23 06:25:39PM,82.0420000000001,,,,
326,10/28/23 06:29:03PM,82.2960000000001,,,,
327,10/28/23 06:32:26PM,82.5500000000001,,,,
328,10/28/23 06:35:42PM,82.8040000000001,,,,
329,10/28/23 06:41:07PM,83.0580000000002,,,,
330,10/28/23 06:45:11PM,83.3120000000002,,,,
331,10/28/23 06:47:55PM,83.5660000000002,,,,
332,10/28/23 06:52:16PM,83.8200000000002,,,,
333,10/28/23 06:58:17PM,84.0740000000002,,,,
334,10/28/23 07:13:42PM,84.3280000000002,,,,
335,10/28/23 09:22:19PM,84.5820000000002,,,,
336,10/28/23 09:29:26PM,84.8360000000002,,,,
337,10/28/23 09:33:58PM,85.0900000000002,,,,
338,10/28/23 09:37:35PM,85.3440000000002,,,,
339,10/28/23 09:39:46PM,85.5980000000002,,,,
340,10/28/23 09:42:37PM,85.8520000000002,,,,
341,10/28/23 09:45:28PM,86.1060000000002,,,,
342,10/28/23 09:47:54PM,86.3600000000002,,,,
343,10/28/23 09:49:33PM,86.6140000000002,,,,
344,10/28/23 09:50:58PM,86.8680000000002,,,,
345,10/28/23 09:52:30PM,87.1220000000002,,,,
346,10/28/23 09:54:17PM,87.3760000000002,,,,
347,10/28/23 09:55:58PM,87.6300000000002,,,,
348,10/28/23 09:57:53PM,87.8840000000002,,,,
349,10/28/23 10:00:27PM,88.1380000000003,,,,
350,10/28/23 10:02:15PM,88.3920000000003,,,,
351,10/28/23 10:03:36PM,88.6460000000003,,,,
352,10/28/23 10:05:13PM,88.9000000000003,,,,
353,10/28/23 10:07:11PM,89.1540000000003,,,,
354,10/28/23 10:09:25PM,89.4080000000003,,,,
355,10/28/23 10:11:30PM,89.6620000000003,,,,
356,10/28/23 10:14:35PM,89.9160000000003,,,,
357,10/28/23 10:16:47PM,90.1700000000003,,,,
358,10/28/23 10:20:55PM,90.4240000000003,,,,
359,10/28/23 10:24:13PM,90.6780000000003,,,,
360,10/28/23 10:26:43PM,90.9320000000003,,,,
361,10/28/23 10:28:48PM,91.1860000000003,,,,
362,10/28/23 10:30:29PM,91.4400000000003,,,,
363,10/28/23 10:32:14PM,91.6940000000003,,,,
364,10/28/23 10:33:40PM,91.9480000000003,,,,
365,10/28/23 10:35:09PM,92.2020000000003,,,,
366,10/28/23 10:36:46PM,92.4560000000003,,,,
367,10/28/23 10:38:23PM,92.7100000000003,,,,
368,10/28/23 10:40:12PM,92.9640000000003,,,,
369,10/28/23 10:42:25PM,93.2180000000004,,,,
370,10/28/23 10:44:51PM,93.4720000000003,,,,
371,10/28/23 10:47:40PM,93.7260000000004,,,,
372,10/28/23 10:50:34PM,93.9800000000004,,,,
373,10/28/23 10:52:38PM,94.2340000000004,,,,
374,10/28/23 10:54:41PM,94.4880000000004,,,,
375,10/28/23 10:56:17PM,94.7420000000004,,,,
376,10/28/23 10:58:02PM,94.9960000000004,,,,
377,10/28/23 10:59:52PM,95.2500000000004,,,,
378,10/28/23 11:01:05PM,95.5040000000004,,,,
379,10/28/23 11:02:05PM,95.7580000000004,,,,
380,10/28/23 11:03:14PM,96.0120000000004,,,,
381,10/28/23 11:04:11PM,96.2660000000004,,,,
382,10/28/23 11:05:08PM,96.5200000000004,,,,
383,10/28/23 11:06:13PM,96.7740000000004,,,,
384,10/28/23 11:07:25PM,97.0280000000004,,,,
385,10/28/23 11:08:44PM,97.2820000000004,,,,
386,10/28/23 11:10:13PM,97.5360000000004,,,,
387,10/28/23 11:11:41PM,97.7900000000004,,,,
388,10/28/23 11:13:29PM,98.0440000000004,,,,
389,10/28/23 11:15:06PM,98.2980000000005,,,,
390,10/28/23 11:16:46PM,98.5520000000004,,,,
391,10/28/23 11:18:19PM,98.8060000000005,,,,
392,10/28/23 11:19:59PM,99.0600000000005,,,,
393,10/28/23 11:21:36PM,99.3140000000005,,,,
394,10/28/23 11:22:51PM,99.5680000000005,,,,
395,10/28/23 11:24:24PM,99.8220000000005,,,,
396,10/28/23 11:26:09PM,100.076,,,,
397,10/28/23 11:27:51PM,100.33,,,,
398,10/28/23 11:29:52PM,100.584000000001,,,,
399,10/28/23 11:32:22PM,100.838000000001,,,,
400,10/28/23 11:34:51PM,101.092000000001,,,,
401,10/28/23 11:36:53PM,101.346000000001,,,,
402,10/28/23 11:38:51PM,101.600000000001,,,,
403,10/28/23 11:41:25PM,101.854000000001,,,,
404,10/28/23 11:44:33PM,102.108000000001,,,,
405,10/28/23 11:47:39PM,102.362000000001,,,,
406,10/28/23 11:50:03PM,102.616000000001,,,,
407,10/28/23 11:51:45PM,102.870000000001,,,,
408,10/28/23 11:53:50PM,103.124000000001,,,,
409,10/28/23 11:55:50PM,103.378000000001,,,,
410,10/28/23 11:57:43PM,103.632000000001,,,,
411,10/28/23 11:59:02PM,103.886000000001,,,,
412,10/29/23 12:00:11AM,104.140000000001,,,,
413,10/29/23 12:01:22AM,104.394000000001,,,,
414,10/29/23 12:02:29AM,104.648000000001,,,,
415,10/29/23 12:03:56AM,104.902000000001,,,,
416,10/29/23 12:05:46AM,105.156000000001,,,,
417,10/29/23 12:09:28AM,105.410000000001,,,,
418,10/29/23 12:17:11AM,105.664000000001,,,,
419,10/29/23 12:28:42AM,105.918000000001,,,,
420,10/29/23 12:42:30AM,106.172000000001,,,,
421,10/29/23 07:37:02AM,106.426000000001,,,,
422,10/29/23 08:58:24AM,106.680000000001,,,,
423,10/29/23 09:20:29AM,106.934000000001,,,,
424,10/29/23 09:23:57AM,107.188000000001,,,,
425,10/29/23 09:26:42AM,107.442000000001,,,,
426,10/29/23 09:33:36AM,107.696000000001,,,,
427,10/29/23 10:08:47AM,107.950000000001,,,,
428,10/29/23 10:09:46AM,108.204000000001,,,,
429,10/29/23 10:11:45AM,108.458000000001,,,,
430,10/29/23 11:42:59AM,108.712000000001,,,,
431,10/30/23 01:12:33AM,108.966000000001,,,,
432,10/30/23 01:20:24AM,109.220000000001,,,,
433,10/30/23 04:19:49AM,109.474000000001,,,,
434,10/30/23 05:04:20AM,109.728000000001,,,,
435,10/30/23 05:05:04AM,109.982000000001,,,,
436,10/30/23 05:05:48AM,110.236000000001,,,,
437,10/30/23 05:06:39AM,110.490000000001,,,,
438,10/30/23 05:08:16AM,110.744000000001,,,,
439,10/30/23 05:09:53AM,110.998000000001,,,,
440,10/30/23 05:10:53AM,111.252000000001,,,,
441,10/30/23 05:13:07AM,111.506000000001,,,,
442,10/30/23 05:14:42AM,111.760000000001,,,,
443,10/30/23 05:19:51AM,112.014000000001,,,,
444,10/30/23 05:36:27AM,112.268000000001,,,,
445,10/30/23 06:42:00AM,112.522000000001,,,,
446,10/30/23 06:45:49AM,112.776000000001,,,,
447,10/30/23 06:49:00AM,113.030000000001,,,,
448,10/30/23 06:51:48AM,113.284000000001,,,,
449,10/30/23 06:55:03AM,113.538000000001,,,,
450,10/30/23 06:59:28AM,113.792000000001,,,,
451,10/30/23 07:02:17AM,114.046000000001,,,,
452,10/30/23 07:04:33AM,114.300000000001,,,,
453,10/30/23 07:05:35AM,114.554000000001,,,,
454,10/30/23 07:07:30AM,114.808000000001,,,,
455,10/30/23 07:09:25AM,115.062000000001,,,,
456,10/30/23 07:11:30AM,115.316000000001,,,,
457,10/30/23 07:13:23AM,115.570000000001,,,,
458,10/30/23 07:15:11AM,115.824000000001,,,,
459,10/30/23 07:16:41AM,116.078000000001,,,,
460,10/30/23 07:18:13AM,116.332000000001,,,,
461,10/30/23 07:20:21AM,116.586000000001,,,,
462,10/30/23 07:25:13AM,116.840000000001,,,,
463,10/30/23 07:29:28AM,117.094000000001,,,,
464,10/30/23 07:33:57AM,117.348000000001,,,,
465,10/30/23 07:50:35AM,117.602000000001,,,,
466,10/30/23 09:38:45AM,117.856000000001,,,,
467,10/30/23 12:32:35PM,118.110000000001,,,,
468,10/30/23 02:09:31PM,118.364000000001,,,,
469,10/30/23 02:13:31PM,118.618000000001,,,,
470,10/30/23 02:16:00PM,118.872000000001,,,,
471,10/30/23 02:18:22PM,119.126000000001,,,,
472,10/30/23 02:20:41PM,119.380000000001,,,,
473,10/30/23 02:23:09PM,119.634000000001,,,,
474,10/30/23 02:26:03PM,119.888000000001,,,,
475,10/30/23 02:30:39PM,120.142000000001,,,,
476,10/30/23 02:37:59PM,120.396000000001,,,,
477,10/30/23 02:47:18PM,120.650000000001,,,,
478,10/30/23 03:07:25PM,120.904000000001,,,,
479,10/30/23 03:22:16PM,121.158000000001,,,,
480,10/30/23 03:26:25PM,121.412000000001,,,,
481,10/30/23 03:30:41PM,121.666000000001,,,,
482,10/30/23 03:36:36PM,121.920000000001,,,,
483,10/30/23 03:39:51PM,122.174000000001,,,,
484,10/30/23 03:42:58PM,122.428000000001,,,,
485,10/30/23 03:46:00PM,122.682000000001,,,,
486,10/30/23 03:49:58PM,122.936000000001,,,,
487,10/30/23 03:57:02PM,123.190000000001,,,,
488,10/30/23 05:36:29PM,123.444000000001,,,,
489,10/30/23 05:47:24PM,123.698000000001,,,,
490,10/30/23 05:56:00PM,123.952000000001,,,,
491,10/30/23 06:02:52PM,124.206000000001,,,,
492,10/30/23 06:31:47PM,124.460000000001,,,,
493,10/30/23 06:44:09PM,124.714000000001,,,,
494,10/30/23 08:59:14PM,124.968000000001,,,,
495,10/31/23 03:31:26AM,125.222000000001,,,,
496,10/31/23 03:38:05AM,125.476000000001,,,,
497,10/31/23 03:43:03AM,125.730000000001,,,,
498,10/31/23 03:47:05AM,125.984000000001,,,,
499,10/31/23 03:52:54AM,126.238000000001,,,,
500,10/31/23 04:04:38AM,126.492000000001,,,,
501,10/31/23 04:12:16AM,126.746000000001,,,,
502,10/31/23 05:22:57AM,127.000000000001,,,,
503,10/31/23 05:29:55AM,127.254000000001,,,,
504,10/31/23 05:35:39AM,127.508000000001,,,,
505,10/31/23 05:45:34AM,127.762000000001,,,,
506,10/31/23 05:55:13AM,128.016000000001,,,,
507,10/31/23 05:59:33AM,128.270000000001,,,,
508,10/31/23 06:04:06AM,128.524000000001,,,,
509,10/31/23 06:09:08AM,128.778000000001,,,,
510,10/31/23 06:14:11AM,129.032000000001,,,,
511,10/31/23 06:19:31AM,129.286000000001,,,,
512,10/31/23 06:24:21AM,129.540000000001,,,,
513,10/31/23 06:30:07AM,129.794000000001,,,,
514,10/31/23 06:37:29AM,130.048000000001,,,,
515,10/31/23 06:46:42AM,130.302000000001,,,,
516,10/31/23 06:56:28AM,130.556000000001,,,,
517,10/31/23 06:59:43AM,130.810000000001,,,,
518,10/31/23 07:04:10AM,131.064000000001,,,,
519,10/31/23 07:10:08AM,131.318000000001,,,,
520,10/31/23 07:15:58AM,131.572000000001,,,,
521,10/31/23 07:23:32AM,131.826000000001,,,,
522,10/31/23 07:32:33AM,132.080000000001,,,,
523,10/31/23 07:39:09AM,132.334000000001,,,,
524,10/31/23 07:43:28AM,132.588000000001,,,,
525,10/31/23 07:46:53AM,132.842000000001,,,,
526,10/31/23 07:49:59AM,133.096000000001,,,,
527,10/31/23 07:53:00AM,133.350000000001,,,,
528,10/31/23 07:57:13AM,133.604000000001,,,,
529,10/31/23 08:02:19AM,133.858000000001,,,,
530,10/31/23 08:09:23AM,134.112000000001,,,,
531,10/31/23 08:12:38AM,134.366000000001,,,,
532,10/31/23 08:15:03AM,134.620000000001,,,,
533,10/31/23 08:17:36AM,134.874000000001,,,,
534,10/31/23 08:20:19AM,135.128000000001,,,,
535,10/31/23 08:22:56AM,135.382000000001,,,,
536,10/31/23 08:25:12AM,135.636000000001,,,,
537,10/31/23 08:28:02AM,135.890000000001,,,,
538,10/31/23 08:32:58AM,136.144000000001,,,,
539,10/31/23 08:51:34AM,136.398000000001,,,,
540,10/31/23 09:13:09AM,136.652000000001,,,,
541,10/31/23 09:26:50AM,136.906000000001,,,,
542,10/31/23 11:24:10AM,137.160000000001,,,,
543,10/31/23 11:29:29AM,137.414000000001,,,,
544,10/31/23 11:33:55AM,137.668000000001,,,,
545,10/31/23 11:37:53AM,137.922000000001,,,,
546,10/31/23 11:40:58AM,138.176000000001,,,,
547,10/31/23 11:43:45AM,138.430000000001,,,,
548,10/31/23 11:46:37AM,138.684000000001,,,,
549,10/31/23 11:48:59AM,138.938000000001,,,,
550,10/31/23 11:51:16AM,139.192000000001,,,,
551,10/31/23 11:53:18AM,139.446000000001,,,,
552,10/31/23 11:55:24AM,139.700000000001,,,,
553,10/31/23 11:57:25AM,139.954000000001,,,,
554,10/31/23 11:59:16AM,140.208000000001,,,,
555,10/31/23 12:01:03PM,140.462000000001,,,,
556,10/31/23 12:03:07PM,140.716000000001,,,,
557,10/31/23 12:05:24PM,140.970000000001,,,,
558,10/31/23 12:08:26PM,141.224000000001,,,,
559,10/31/23 12:12:49PM,141.478000000001,,,,
560,10/31/23 12:26:34PM,141.732000000001,,,,
561,10/31/23 01:40:58PM,141.986000000001,,,,
562,10/31/23 03:18:05PM,142.240000000001,,,,
563,10/31/23 03:30:03PM,142.494,,,,
564,10/31/23 03:45:31PM,142.748,,,,
565,10/31/23 04:03:50PM,143.002,,,,
566,10/31/23 04:29:42PM,143.256,,,,
567,10/31/23 04:55:05PM,143.51,,,,
568,10/31/23 06:41:38PM,143.764,,,,
569,10/31/23 07:37:38PM,144.018,,,,
570,10/31/23 07:49:15PM,144.272,,,,
571,10/31/23 08:05:41PM,144.526,,,,
572,10/31/23 08:34:14PM,144.78,,,,
573,10/31/23 08:36:33PM,145.034,,,,
574,10/31/23 08:37:24PM,145.288,,,,
575,10/31/23 08:38:18PM,145.542,,,,
576,10/31/23 08:39:41PM,145.796,,,,
577,10/31/23 08:41:50PM,146.05,,,,
578,10/31/23 08:42:44PM,146.304,,,,
579,10/31/23 08:43:16PM,146.558,,,,
580,10/31/23 08:43:43PM,146.812,,,,
581,10/31/23 08:44:12PM,147.066,,,,
582,10/31/23 08:44:46PM,147.32,,,,
583,10/31/23 08:45:17PM,147.574,,,,
584,10/31/23 08:45:47PM,147.828,,,,
585,10/31/23 08:46:10PM,148.082,,,,
586,10/31/23 08:46:34PM,148.336,,,,
587,10/31/23 08:46:59PM,148.59,,,,
588,10/31/23 08:47:27PM,148.844,,,,
589,10/31/23 08:48:04PM,149.098,,,,
590,10/31/23 08:49:09PM,149.352,,,,
591,10/31/23 08:53:33PM,149.606,,,,
592,10/31/23 08:57:52PM,149.86,,,,
593,10/31/23 09:05:00PM,150.114,,,,
594,10/31/23 09:13:47PM,150.368,,,,
595,10/31/23 09:33:32PM,150.622,,,,
596,10/31/23 09:47:17PM,150.876,,,,
597,10/31/23 09:48:29PM,151.13,,,,
598,10/31/23 09:50:20PM,151.384,,,,
599,10/31/23 09:53:10PM,151.638,,,,
600,10/31/23 09:55:09PM,151.892,,,,
601,10/31/23 09:57:08PM,152.146,,,,
602,10/31/23 09:59:37PM,152.4,,,,
603,10/31/23 10:01:10PM,152.654,,,,
604,10/31/23 10:02:19PM,152.908,,,,
605,10/31/23 10:03:37PM,153.162,,,,
606,10/31/23 10:04:55PM,153.416,,,,
607,10/31/23 10:05:51PM,153.67,,,,
608,10/31/23 10:07:16PM,153.924,,,,
609,10/31/23 10:10:04PM,154.178,,,,
610,10/31/23 10:12:27PM,154.432,,,,
611,10/31/23 10:16:23PM,154.686,,,,
612,10/31/23 10:26:40PM,154.94,,,,
613,10/31/23 10:31:11PM,155.194,,,,
614,10/31/23 10:34:19PM,155.448,,,,
615,10/31/23 10:37:27PM,155.702,,,,
616,10/31/23 10:40:35PM,155.956,,,,
617,10/31/23 10:46:57PM,156.21,,,,
618,10/31/23 10:55:53PM,156.464,,,,
619,10/31/23 11:06:44PM,156.718,,,,
620,10/31/23 11:14:29PM,156.972,,,,
621,10/31/23 11:23:22PM,157.226,,,,
622,10/31/23 11:29:02PM,157.48,,,,
623,10/31/23 11:33:01PM,157.734,,,,
624,10/31/23 11:38:29PM,157.988,,,,
625,10/31/23 11:46:18PM,158.242,,,,
626,11/01/23 12:04:09AM,158.496,,,,
627,11/01/23 12:48:05AM,158.75,,,,
628,11/07/23 08:54:29AM,159.004,,,,
629,11/07/23 08:54:51AM,159.258,,,,
630,11/07/23 08:55:27AM,159.512,,,,
631,11/07/23 08:56:23AM,159.766,,,,
632,11/07/23 09:10:17AM,160.02,,,,
633,11/07/23 01:40:33PM,160.274,,,,
634,11/07/23 01:41:55PM,160.528,,,,
635,11/07/23 01:42:33PM,160.782,,,,
636,11/07/23 01:43:10PM,161.036,,,,
637,11/07/23 01:43:47PM,161.29,,,,
638,11/07/23 01:45:21PM,161.544,,,,
639,11/07/23 01:46:42PM,161.798,,,,
640,11/07/23 01:47:44PM,162.052,,,,
641,11/07/23 01:48:44PM,162.306,,,,
642,11/07/23 01:49:39PM,162.56,,,,
643,11/07/23 01:50:05PM,162.814,,,,
644,11/07/23 01:50:38PM,163.068,,,,
645,11/07/23 01:51:13PM,163.322,,,,
646,11/07/23 01:51:47PM,163.576,,,,
647,11/07/23 01:52:22PM,163.83,,,,
648,11/07/23 01:52:58PM,164.084,,,,
649,11/07/23 01:53:37PM,164.338,,,,
650,11/07/23 01:53:59PM,164.592,,,,
651,11/07/23 01:54:15PM,164.846,,,,
652,11/07/23 01:54:29PM,165.1,,,,
653,11/07/23 01:54:41PM,165.354,,,,
654,11/07/23 01:54:53PM,165.608,,,,
655,11/07/23 01:55:05PM,165.862,,,,
656,11/07/23 01:55:20PM,166.116,,,,
657,11/07/23 01:55:38PM,166.37,,,,
658,11/07/23 01:55:57PM,166.624,,,,
659,11/07/23 01:56:21PM,166.878,,,,
660,11/07/23 01:56:55PM,167.132,,,,
661,11/07/23 01:57:36PM,167.386,,,,
662,11/07/23 01:58:15PM,167.64,,,,
663,11/07/23 01:58:39PM,167.894,,,,
664,11/07/23 01:59:00PM,168.148,,,,
665,11/07/23 01:59:20PM,168.402,,,,
666,11/07/23 01:59:47PM,168.656,,,,
667,11/07/23 02:00:02PM,168.91,,,,
668,11/07/23 02:00:18PM,169.164,,,,
669,11/07/23 02:00:35PM,169.418,,,,
670,11/07/23 02:00:50PM,169.672,,,,
671,11/07/23 02:01:07PM,169.925999999999,,,,
672,11/07/23 02:01:25PM,170.179999999999,,,,
673,11/07/23 02:01:40PM,170.433999999999,,,,
674,11/07/23 02:01:51PM,170.687999999999,,,,
675,11/07/23 02:01:58PM,170.941999999999,,,,
676,11/07/23 02:02:06PM,171.195999999999,,,,
677,11/07/23 02:02:13PM,171.449999999999,,,,
678,11/07/23 02:02:20PM,171.703999999999,,,,
679,11/07/23 02:02:24PM,171.957999999999,,,,
680,11/07/23 02:02:30PM,172.211999999999,,,,
681,11/07/23 02:02:36PM,172.465999999999,,,,
682,11/07/23 02:02:43PM,172.719999999999,,,,
683,11/07/23 02:02:50PM,172.973999999999,,,,
684,11/07/23 02:02:57PM,173.227999999999,,,,
685,11/07/23 02:03:04PM,173.481999999999,,,,
686,11/07/23 02:03:10PM,173.735999999999,,,,
687,11/07/23 02:03:17PM,173.989999999999,,,,
688,11/07/23 02:03:24PM,174.243999999999,,,,
689,11/07/23 02:03:32PM,174.497999999999,,,,
690,11/07/23 02:03:37PM,174.751999999999,,,,
691,11/07/23 02:03:44PM,175.005999999999,,,,
692,11/07/23 02:03:51PM,175.259999999999,,,,
693,11/07/23 02:03:58PM,175.513999999999,,,,
694,11/07/23 02:04:06PM,175.767999999999,,,,
695,11/07/23 02:04:13PM,176.021999999999,,,,
696,11/07/23 02:04:20PM,176.275999999999,,,,
697,11/07/23 02:04:28PM,176.529999999999,,,,
698,11/07/23 02:04:36PM,176.783999999999,,,,
699,11/07/23 02:04:43PM,177.037999999999,,,,
700,11/07/23 02:04:50PM,177.291999999999,,,,
701,11/07/23 02:04:58PM,177.545999999999,,,,
702,11/07/23 02:05:06PM,177.799999999999,,,,
703,11/07/23 02:05:13PM,178.053999999999,,,,
704,11/07/23 02:05:22PM,178.307999999999,,,,
705,11/07/23 02:05:30PM,178.561999999999,,,,
706,11/07/23 02:05:39PM,178.815999999999,,,,
707,11/07/23 02:05:47PM,179.069999999999,,,,
708,11/07/23 02:05:55PM,179.323999999999,,,,
709,11/07/23 02:06:03PM,179.577999999999,,,,
710,11/07/23 02:06:13PM,179.831999999999,,,,
711,11/07/23 02:06:22PM,180.085999999999,,,,
712,11/07/23 02:06:31PM,180.339999999999,,,,
713,11/07/23 02:06:43PM,180.593999999999,,,,
714,11/07/23 02:06:53PM,180.847999999999,,,,
715,11/07/23 02:07:04PM,181.101999999999,,,,
716,11/07/23 02:07:14PM,181.355999999999,,,,
717,11/07/23 02:07:24PM,181.609999999999,,,,
718,11/07/23 02:07:35PM,181.863999999999,,,,
719,11/07/23 02:07:45PM,182.117999999999,,,,
720,11/07/23 02:07:56PM,182.371999999999,,,,
721,11/07/23 02:08:07PM,182.625999999999,,,,
722,11/07/23 02:08:18PM,182.879999999999,,,,
723,11/07/23 02:08:30PM,183.133999999999,,,,
724,11/07/23 02:08:41PM,183.387999999999,,,,
725,11/07/23 02:08:50PM,183.641999999999,,,,
726,11/07/23 02:09:00PM,183.895999999999,,,,
727,11/07/23 02:09:09PM,184.149999999999,,,,
728,11/07/23 02:09:19PM,184.403999999999,,,,
729,11/07/23 02:09:27PM,184.657999999999,,,,
730,11/07/23 02:09:37PM,184.911999999999,,,,
731,11/07/23 02:09:48PM,185.165999999999,,,,
732,11/07/23 02:10:00PM,185.419999999999,,,,
733,11/07/23 02:10:10PM,185.673999999999,,,,
734,11/07/23 02:10:23PM,185.927999999999,,,,
735,11/07/23 02:10:36PM,186.181999999999,,,,
736,11/07/23 02:10:51PM,186.435999999999,,,,
737,11/07/23 02:11:06PM,186.689999999999,,,,
738,11/07/23 02:11:21PM,186.943999999999,,,,
739,11/07/23 02:11:34PM,187.197999999999,,,,
740,11/07/23 02:11:50PM,187.451999999999,,,,
741,11/07/23 02:12:02PM,187.705999999999,,,,
742,11/07/23 02:12:13PM,187.959999999999,,,,
743,11/07/23 02:12:23PM,188.213999999999,,,,
744,11/07/23 02:12:33PM,188.467999999999,,,,
745,11/07/23 02:12:45PM,188.721999999999,,,,
746,11/07/23 02:12:55PM,188.975999999999,,,,
747,11/07/23 02:13:05PM,189.229999999999,,,,
748,11/07/23 02:13:14PM,189.483999999999,,,,
749,11/07/23 02:13:23PM,189.737999999999,,,,
750,11/07/23 02:13:32PM,189.991999999999,,,,
751,11/07/23 02:13:40PM,190.245999999999,,,,
752,11/07/23 02:13:49PM,190.499999999999,,,,
753,11/07/23 02:13:58PM,190.753999999999,,,,
754,11/07/23 02:14:06PM,191.007999999999,,,,
755,11/07/23 02:14:14PM,191.261999999999,,,,
756,11/07/23 02:14:22PM,191.515999999999,,,,
757,11/07/23 02:14:31PM,191.769999999999,,,,
758,11/07/23 02:14:39PM,192.023999999999,,,,
759,11/07/23 02:14:47PM,192.277999999999,,,,
760,11/07/23 02:14:55PM,192.531999999999,,,,
761,11/07/23 02:15:04PM,192.785999999999,,,,
762,11/07/23 02:15:14PM,193.039999999999,,,,
763,11/07/23 02:15:25PM,193.293999999999,,,,
764,11/07/23 02:15:35PM,193.547999999999,,,,
765,11/07/23 02:15:45PM,193.801999999999,,,,
766,11/07/23 02:15:55PM,194.055999999999,,,,
767,11/07/23 02:16:05PM,194.309999999999,,,,
768,11/07/23 02:16:16PM,194.563999999999,,,,
769,11/07/23 02:16:28PM,194.817999999999,,,,
770,11/07/23 02:16:39PM,195.071999999999,,,,
771,11/07/23 02:16:49PM,195.325999999999,,,,
772,11/07/23 02:17:01PM,195.579999999999,,,,
773,11/07/23 02:17:12PM,195.833999999999,,,,
774,11/07/23 02:17:26PM,196.087999999999,,,,
775,11/07/23 02:17:41PM,196.341999999999,,,,
776,11/07/23 02:17:57PM,196.595999999999,,,,
777,11/07/23 02:18:12PM,196.849999999998,,,,
778,11/07/23 02:18:27PM,197.103999999998,,,,
779,11/07/23 02:18:43PM,197.357999999998,,,,
780,11/07/23 02:19:01PM,197.611999999998,,,,
781,11/07/23 02:19:17PM,197.865999999998,,,,
782,11/07/23 02:19:34PM,198.119999999998,,,,
783,11/07/23 02:19:56PM,198.373999999998,,,,
784,11/07/23 02:20:20PM,198.627999999998,,,,
785,11/07/23 02:20:42PM,198.881999999998,,,,
786,11/07/23 02:21:07PM,199.135999999998,,,,
787,11/07/23 02:21:31PM,199.389999999998,,,,
788,11/07/23 02:22:01PM,199.643999999998,,,,
789,11/07/23 02:22:37PM,199.897999999998,,,,
790,11/07/23 02:23:10PM,200.151999999998,,,,
791,11/07/23 02:23:50PM,200.405999999998,,,,
792,11/07/23 02:24:49PM,200.659999999998,,,,
793,11/07/23 02:25:46PM,200.913999999998,,,,
794,11/07/23 02:27:13PM,201.167999999998,,,,
795,11/07/23 02:28:52PM,201.421999999998,,,,
796,11/07/23 02:30:29PM,201.675999999998,,,,
797,11/07/23 02:31:56PM,201.929999999998,,,,
798,11/07/23 02:33:23PM,202.183999999998,,,,
799,11/07/23 02:34:52PM,202.437999999998,,,,
800,11/07/23 02:37:24PM,202.691999999998,,,,
801,11/07/23 02:39:39PM,202.945999999998,,,,
802,11/07/23 02:42:44PM,203.199999999998,,,,
803,11/07/23 02:48:16PM,203.453999999998,,,,
804,11/07/23 02:56:38PM,203.707999999998,,,,
805,11/07/23 03:01:43PM,203.961999999998,,,,
806,11/07/23 03:06:09PM,204.215999999998,,,,
807,11/07/23 03:09:34PM,204.469999999998,,,,
808,11/07/23 03:15:39PM,204.723999999998,,,,
809,11/07/23 03:22:22PM,204.977999999998,,,,
810,11/07/23 03:28:59PM,205.231999999998,,,,
811,11/07/23 03:32:56PM,205.485999999998,,,,
812,11/07/23 03:37:11PM,205.739999999998,,,,
813,11/07/23 03:41:09PM,205.993999999998,,,,
814,11/07/23 03:47:50PM,206.247999999998,,,,
815,11/07/23 04:01:58PM,206.501999999998,,,,
816,11/07/23 04:23:55PM,206.755999999998,,,,
817,11/07/23 04:45:45PM,207.009999999998,,,,
818,11/07/23 05:14:34PM,207.263999999998,,,,
819,11/07/23 05:34:28PM,207.517999999998,,,,
820,11/07/23 05:55:11PM,207.771999999998,,,,
821,11/07/23 06:23:51PM,208.025999999998,,,,
822,11/07/23 06:57:53PM,208.279999999998,,,,
823,11/09/23 08:47:14AM,,,Logged,,
824,11/09/23 08:47:16AM,,,,Logged,
825,11/09/23 08:47:35AM,208.279999999998,,,,Logged
