Plot Title: Coastal cashews,,,,,,
#,Date Time,Rainfall (mm)  #20116788,Coupler Detached,Coupler Attached,Host Connected,End Of File
1,21/11/11 11:45:32.0,0,,,,
2,21/11/11 11:45:50.0,,Logged,,,
3,21/11/12 23:56:49.0,0.254,,,,
4,21/11/20 15:01:43.0,0.508,,,,
5,21/11/20 15:17:27.0,0.762,,,,
6,21/11/20 15:18:59.0,1.016,,,,
7,21/11/20 15:21:28.0,1.27,,,,
8,21/11/22 02:12:16.0,1.524,,,,
9,21/11/22 02:38:59.0,1.778,,,,
10,21/11/22 02:43:19.0,2.032,,,,
11,21/11/22 02:49:35.0,2.286,,,,
12,21/11/22 02:51:23.0,2.54,,,,
13,21/11/22 02:52:14.0,2.794,,,,
14,21/11/22 02:53:31.0,3.048,,,,
15,21/11/22 02:54:45.0,3.302,,,,
16,21/11/22 02:55:20.0,3.556,,,,
17,21/11/22 02:55:55.0,3.81,,,,
18,21/11/22 02:56:19.0,4.064,,,,
19,21/11/22 02:56:43.0,4.318,,,,
20,21/11/22 02:57:04.0,4.572,,,,
21,21/11/22 02:57:27.0,4.826,,,,
22,21/11/22 02:57:48.0,5.08,,,,
23,21/11/22 02:58:15.0,5.334,,,,
24,21/11/22 02:58:52.0,5.588,,,,
25,21/11/22 03:00:40.0,5.842,,,,
26,21/11/22 03:06:37.0,6.096,,,,
27,21/11/22 03:23:37.0,6.35,,,,
28,21/11/22 03:37:16.0,6.604,,,,
29,21/11/22 04:03:39.0,6.858,,,,
30,21/11/22 05:32:11.0,7.112,,,,
31,21/11/22 06:56:21.0,7.366,,,,
32,21/11/22 10:36:58.0,7.62,,,,
33,21/11/22 11:56:49.0,7.874,,,,
34,21/11/22 12:00:10.0,8.128,,,,
35,21/11/22 12:02:12.0,8.382,,,,
36,21/11/23 00:17:31.0,8.636,,,,
37,21/11/23 04:12:09.0,8.89,,,,
38,21/11/23 04:17:00.0,9.144,,,,
39,21/11/23 04:17:37.0,9.398,,,,
40,21/11/23 04:17:55.0,9.652,,,,
41,21/11/23 04:18:06.0,9.906,,,,
42,21/11/23 04:18:18.0,10.16,,,,
43,21/11/23 04:18:30.0,10.414,,,,
44,21/11/23 04:18:43.0,10.668,,,,
45,21/11/23 04:18:56.0,10.922,,,,
46,21/11/23 04:19:09.0,11.176,,,,
47,21/11/23 04:19:19.0,11.43,,,,
48,21/11/23 04:19:43.0,11.684,,,,
49,21/11/23 04:20:13.0,11.938,,,,
50,21/11/23 04:20:46.0,12.192,,,,
51,21/11/23 04:21:20.0,12.446,,,,
52,21/11/23 04:22:09.0,12.7,,,,
53,21/11/23 04:22:46.0,12.954,,,,
54,21/11/23 04:24:09.0,13.208,,,,
55,21/11/23 04:25:19.0,13.462,,,,
56,21/11/23 04:28:34.0,13.716,,,,
57,21/11/23 04:33:34.0,13.97,,,,
58,21/11/23 04:37:34.0,14.224,,,,
59,21/11/23 04:40:04.0,14.478,,,,
60,21/11/23 04:40:37.0,14.732,,,,
61,21/11/23 04:41:43.0,14.986,,,,
62,21/11/23 04:43:06.0,15.24,,,,
63,21/11/23 04:44:12.0,15.494,,,,
64,21/11/23 04:46:20.0,15.748,,,,
65,21/11/23 04:50:00.0,16.002,,,,
66,21/11/23 04:56:50.0,16.256,,,,
67,21/11/23 04:57:50.0,16.51,,,,
68,21/11/23 04:59:02.0,16.764,,,,
69,21/11/23 05:01:23.0,17.018,,,,
70,21/11/23 05:01:58.0,17.272,,,,
71,21/11/23 05:02:25.0,17.526,,,,
72,21/11/23 05:03:08.0,17.78,,,,
73,21/11/23 05:04:54.0,18.034,,,,
74,21/11/23 05:06:32.0,18.288,,,,
75,21/11/23 05:08:03.0,18.542,,,,
76,21/11/23 05:09:09.0,18.796,,,,
77,21/11/23 05:10:44.0,19.05,,,,
78,21/11/23 05:12:37.0,19.304,,,,
79,21/11/23 05:17:06.0,19.558,,,,
80,21/11/23 09:20:31.0,19.812,,,,
81,21/11/25 18:45:00.0,20.066,,,,
82,21/11/25 18:54:11.0,20.32,,,,
83,21/11/25 19:01:40.0,20.574,,,,
84,21/11/25 19:11:10.0,20.828,,,,
85,21/11/25 19:18:54.0,21.082,,,,
86,21/11/25 19:25:29.0,21.336,,,,
87,21/11/25 19:32:01.0,21.59,,,,
88,21/11/25 19:44:51.0,21.844,,,,
89,21/11/25 19:56:09.0,22.098,,,,
90,21/11/25 20:11:17.0,22.352,,,,
91,21/11/25 20:19:30.0,22.606,,,,
92,21/11/25 20:28:07.0,22.86,,,,
93,21/11/25 21:12:34.0,23.114,,,,
94,21/11/26 08:59:46.0,23.368,,,,
95,21/12/05 01:30:48.0,23.622,,,,
96,21/12/05 01:31:17.0,23.876,,,,
97,21/12/05 01:31:39.0,24.13,,,,
98,21/12/05 01:31:58.0,24.384,,,,
99,21/12/05 01:32:14.0,24.638,,,,
100,21/12/05 01:32:32.0,24.892,,,,
101,21/12/05 01:32:45.0,25.146,,,,
102,21/12/05 01:33:02.0,25.4,,,,
103,21/12/05 01:33:13.0,25.654,,,,
104,21/12/05 01:33:24.0,25.908,,,,
105,21/12/05 01:33:38.0,26.162,,,,
106,21/12/05 01:33:51.0,26.416,,,,
107,21/12/05 01:34:04.0,26.67,,,,
108,21/12/05 01:34:14.0,26.924,,,,
109,21/12/05 01:34:26.0,27.178,,,,
110,21/12/05 01:34:39.0,27.432,,,,
111,21/12/05 01:34:52.0,27.686,,,,
112,21/12/05 01:35:04.0,27.94,,,,
113,21/12/05 01:35:14.0,28.194,,,,
114,21/12/05 01:35:23.0,28.448,,,,
115,21/12/05 01:35:30.0,28.702,,,,
116,21/12/05 01:35:38.0,28.956,,,,
117,21/12/05 01:35:46.0,29.21,,,,
118,21/12/05 01:35:55.0,29.464,,,,
119,21/12/05 01:36:03.0,29.718,,,,
120,21/12/05 01:36:12.0,29.972,,,,
121,21/12/05 01:36:21.0,30.226,,,,
122,21/12/05 01:36:31.0,30.48,,,,
123,21/12/05 01:36:39.0,30.734,,,,
124,21/12/05 01:36:49.0,30.988,,,,
125,21/12/05 01:36:57.0,31.242,,,,
126,21/12/05 01:37:06.0,31.496,,,,
127,21/12/05 01:37:14.0,31.75,,,,
128,21/12/05 01:37:24.0,32.004,,,,
129,21/12/05 01:37:31.0,32.258,,,,
130,21/12/05 01:37:44.0,32.512,,,,
131,21/12/05 01:37:56.0,32.766,,,,
132,21/12/05 01:38:11.0,33.02,,,,
133,21/12/05 01:38:26.0,33.274,,,,
134,21/12/05 01:38:40.0,33.528,,,,
135,21/12/05 01:38:50.0,33.782,,,,
136,21/12/05 01:39:08.0,34.036,,,,
137,21/12/05 01:39:24.0,34.29,,,,
138,21/12/05 01:39:46.0,34.544,,,,
139,21/12/05 01:40:04.0,34.798,,,,
140,21/12/05 01:40:25.0,35.052,,,,
141,21/12/05 01:40:39.0,35.306,,,,
142,21/12/05 01:40:55.0,35.56,,,,
143,21/12/05 01:41:09.0,35.814,,,,
144,21/12/05 01:41:24.0,36.068,,,,
145,21/12/05 01:41:37.0,36.322,,,,
146,21/12/05 01:41:56.0,36.576,,,,
147,21/12/05 01:42:11.0,36.83,,,,
148,21/12/05 01:42:28.0,37.084,,,,
149,21/12/05 01:42:47.0,37.338,,,,
150,21/12/05 01:43:05.0,37.592,,,,
151,21/12/05 01:43:21.0,37.846,,,,
152,21/12/05 01:43:37.0,38.1,,,,
153,21/12/05 01:43:52.0,38.354,,,,
154,21/12/05 01:44:11.0,38.608,,,,
155,21/12/05 01:44:26.0,38.862,,,,
156,21/12/05 01:44:42.0,39.116,,,,
157,21/12/05 01:44:56.0,39.37,,,,
158,21/12/05 01:45:14.0,39.624,,,,
159,21/12/05 01:45:31.0,39.878,,,,
160,21/12/05 01:45:50.0,40.132,,,,
161,21/12/05 01:46:05.0,40.386,,,,
162,21/12/05 01:46:24.0,40.64,,,,
163,21/12/05 01:46:39.0,40.894,,,,
164,21/12/05 01:46:57.0,41.148,,,,
165,21/12/05 01:47:12.0,41.402,,,,
166,21/12/05 01:47:31.0,41.656,,,,
167,21/12/05 01:47:49.0,41.91,,,,
168,21/12/05 01:48:12.0,42.164,,,,
169,21/12/05 01:48:34.0,42.418,,,,
170,21/12/05 01:49:06.0,42.672,,,,
171,21/12/05 01:49:49.0,42.926,,,,
172,21/12/05 01:50:51.0,43.18,,,,
173,21/12/05 01:52:04.0,43.434,,,,
174,21/12/05 01:53:19.0,43.688,,,,
175,21/12/05 01:54:15.0,43.942,,,,
176,21/12/05 01:54:58.0,44.196,,,,
177,21/12/05 01:55:42.0,44.45,,,,
178,21/12/05 01:56:17.0,44.704,,,,
179,21/12/05 01:56:51.0,44.958,,,,
180,21/12/05 01:57:47.0,45.212,,,,
181,21/12/05 01:59:02.0,45.466,,,,
182,21/12/05 02:00:22.0,45.72,,,,
183,21/12/05 02:01:07.0,45.974,,,,
184,21/12/05 02:01:56.0,46.228,,,,
185,21/12/05 02:03:16.0,46.482,,,,
186,21/12/05 02:05:01.0,46.736,,,,
187,21/12/05 02:07:03.0,46.99,,,,
188,21/12/05 02:08:27.0,47.244,,,,
189,21/12/05 02:10:17.0,47.498,,,,
190,21/12/05 02:15:16.0,47.752,,,,
191,21/12/05 02:31:43.0,48.006,,,,
192,21/12/05 02:41:29.0,48.26,,,,
193,21/12/05 02:45:27.0,48.514,,,,
194,21/12/05 02:50:27.0,48.768,,,,
195,21/12/05 02:52:47.0,49.022,,,,
196,21/12/05 02:54:33.0,49.276,,,,
197,21/12/05 02:58:53.0,49.53,,,,
198,21/12/05 03:20:05.0,49.784,,,,
199,21/12/05 03:35:21.0,50.038,,,,
200,21/12/05 03:55:31.0,50.292,,,,
201,21/12/05 04:08:44.0,50.546,,,,
202,21/12/05 04:30:25.0,50.8,,,,
203,21/12/05 04:50:25.0,51.054,,,,
204,21/12/05 04:59:12.0,51.308,,,,
205,21/12/05 05:05:46.0,51.562,,,,
206,21/12/05 05:14:30.0,51.816,,,,
207,21/12/05 05:20:17.0,52.07,,,,
208,21/12/05 05:29:43.0,52.324,,,,
209,21/12/05 05:35:24.0,52.578,,,,
210,21/12/05 05:43:00.0,52.832,,,,
211,21/12/05 05:46:56.0,53.086,,,,
212,21/12/05 05:50:26.0,53.34,,,,
213,21/12/05 05:53:28.0,53.594,,,,
214,21/12/05 05:57:14.0,53.848,,,,
215,21/12/05 06:00:00.0,54.102,,,,
216,21/12/05 06:02:58.0,54.356,,,,
217,21/12/05 06:04:46.0,54.61,,,,
218,21/12/05 06:06:42.0,54.864,,,,
219,21/12/05 06:09:05.0,55.118,,,,
220,21/12/05 06:12:34.0,55.372,,,,
221,21/12/05 06:15:21.0,55.626,,,,
222,21/12/05 06:19:18.0,55.88,,,,
223,21/12/05 06:22:05.0,56.134,,,,
224,21/12/05 06:25:41.0,56.388,,,,
225,21/12/05 06:28:25.0,56.642,,,,
226,21/12/05 06:31:40.0,56.896,,,,
227,21/12/05 06:33:49.0,57.15,,,,
228,21/12/05 06:36:56.0,57.404,,,,
229,21/12/05 06:41:11.0,57.658,,,,
230,21/12/05 06:46:41.0,57.912,,,,
231,21/12/05 06:50:54.0,58.166,,,,
232,21/12/05 06:55:27.0,58.42,,,,
233,21/12/05 07:00:25.0,58.674,,,,
234,21/12/05 07:07:38.0,58.928,,,,
235,21/12/05 07:13:25.0,59.182,,,,
236,21/12/05 07:29:24.0,59.436,,,,
237,21/12/05 07:43:01.0,59.69,,,,
238,21/12/05 15:16:40.0,59.944,,,,
239,21/12/05 17:16:57.0,60.198,,,,
240,21/12/05 23:05:19.0,60.452,,,,
241,21/12/06 05:20:14.0,60.706,,,,
242,21/12/06 06:44:49.0,60.96,,,,
243,21/12/08 01:14:30.0,61.214,,,,
244,21/12/08 02:28:46.0,61.468,,,,
245,21/12/08 03:25:46.0,61.722,,,,
246,21/12/08 04:37:09.0,61.976,,,,
247,21/12/08 14:23:46.0,62.23,,,,
248,21/12/10 00:31:34.0,62.484,,,,
249,21/12/10 00:49:29.0,62.738,,,,
250,21/12/10 01:19:50.0,62.992,,,,
251,21/12/10 01:33:39.0,63.246,,,,
252,21/12/10 02:08:29.0,63.5,,,,
253,21/12/12 23:21:54.0,63.754,,,,
254,21/12/12 23:50:17.0,64.008,,,,
255,21/12/13 02:58:40.0,64.262,,,,
256,21/12/13 09:12:32.0,64.516,,,,
257,21/12/13 17:51:24.0,64.77,,,,
258,21/12/13 18:15:38.0,65.024,,,,
259,21/12/13 18:38:08.0,65.278,,,,
260,21/12/13 19:22:15.0,65.532,,,,
261,21/12/13 19:36:19.0,65.786,,,,
262,21/12/14 00:05:17.0,66.04,,,,
263,21/12/14 14:47:20.0,,,Logged,,
264,21/12/14 14:47:29.0,,,,Logged,
265,21/12/14 14:48:38.0,,Logged,,,
266,21/12/16 22:33:40.0,66.294,,,,
267,21/12/16 22:38:03.0,66.548,,,,
268,21/12/16 23:40:19.0,66.802,,,,
269,21/12/17 00:33:45.0,67.056,,,,
270,21/12/17 00:42:28.0,67.31,,,,
271,21/12/17 00:48:09.0,67.564,,,,
272,21/12/17 00:57:03.0,67.818,,,,
273,21/12/17 01:06:28.0,68.072,,,,
274,21/12/17 01:59:14.0,68.326,,,,
275,21/12/17 05:52:45.0,68.58,,,,
276,21/12/17 06:03:13.0,68.834,,,,
277,21/12/17 06:05:51.0,69.088,,,,
278,21/12/17 06:08:08.0,69.342,,,,
279,21/12/17 06:10:27.0,69.596,,,,
280,21/12/17 06:12:25.0,69.85,,,,
281,21/12/17 06:25:16.0,70.104,,,,
282,21/12/17 06:35:08.0,70.358,,,,
283,21/12/17 06:36:59.0,70.612,,,,
284,21/12/17 06:43:15.0,70.866,,,,
285,21/12/17 06:49:00.0,71.12,,,,
286,21/12/17 07:03:55.0,71.374,,,,
287,21/12/17 07:09:15.0,71.628,,,,
288,21/12/17 07:17:09.0,71.882,,,,
289,21/12/17 07:20:49.0,72.136,,,,
290,21/12/17 07:26:49.0,72.39,,,,
291,21/12/17 08:31:35.0,72.644,,,,
292,21/12/17 11:18:52.0,72.898,,,,
293,21/12/17 14:53:26.0,73.152,,,,
294,21/12/17 14:55:21.0,73.406,,,,
295,21/12/17 14:57:18.0,73.66,,,,
296,21/12/17 14:59:48.0,73.914,,,,
297,21/12/17 15:01:10.0,74.168,,,,
298,21/12/17 15:05:38.0,74.422,,,,
299,21/12/17 15:25:22.0,74.676,,,,
300,21/12/17 15:26:57.0,74.93,,,,
301,21/12/17 15:28:41.0,75.184,,,,
302,21/12/17 15:33:43.0,75.438,,,,
303,21/12/17 18:54:35.0,75.692,,,,
304,21/12/17 18:59:19.0,75.946,,,,
305,21/12/17 19:55:58.0,76.2,,,,
306,21/12/17 21:36:31.0,76.454,,,,
307,21/12/17 21:53:35.0,76.708,,,,
308,21/12/17 22:24:44.0,76.962,,,,
309,21/12/18 16:56:19.0,77.216,,,,
310,21/12/19 20:49:32.0,77.47,,,,
311,21/12/22 06:45:13.0,77.724,,,,
312,21/12/22 19:43:18.0,77.978,,,,
313,21/12/22 21:18:55.0,78.232,,,,
314,21/12/22 21:20:55.0,78.486,,,,
315,21/12/22 21:21:55.0,78.74,,,,
316,21/12/22 21:23:05.0,78.994,,,,
317,21/12/22 21:23:55.0,79.248,,,,
318,21/12/22 21:25:36.0,79.502,,,,
319,21/12/22 21:28:48.0,79.756,,,,
320,21/12/22 21:33:34.0,80.01,,,,
321,21/12/22 21:34:26.0,80.264,,,,
322,21/12/22 21:36:12.0,80.518,,,,
323,21/12/22 21:38:15.0,80.772,,,,
324,21/12/22 21:40:51.0,81.026,,,,
325,21/12/22 21:42:25.0,81.28,,,,
326,21/12/22 21:43:35.0,81.534,,,,
327,21/12/22 21:45:37.0,81.788,,,,
328,21/12/22 21:50:03.0,82.042,,,,
329,21/12/23 00:35:42.0,82.296,,,,
330,21/12/24 01:40:35.0,82.55,,,,
331,21/12/24 01:42:14.0,82.804,,,,
332,21/12/24 01:45:24.0,83.058,,,,
333,21/12/24 01:48:54.0,83.312,,,,
334,21/12/24 01:55:07.0,83.566,,,,
335,21/12/24 02:50:36.0,83.82,,,,
336,21/12/24 04:28:20.0,84.074,,,,
337,21/12/24 04:42:12.0,84.328,,,,
338,21/12/24 04:47:02.0,84.582,,,,
339,21/12/24 04:53:31.0,84.836,,,,
340,21/12/24 05:13:38.0,85.09,,,,
341,21/12/24 05:16:58.0,85.344,,,,
342,21/12/24 05:21:53.0,85.598,,,,
343,21/12/24 06:53:48.0,85.852,,,,
344,21/12/24 06:57:39.0,86.106,,,,
345,21/12/24 07:03:17.0,86.36,,,,
346,21/12/24 07:08:16.0,86.614,,,,
347,21/12/24 08:27:32.0,86.868,,,,
348,21/12/24 13:48:32.0,87.122,,,,
349,21/12/24 14:10:13.0,87.376,,,,
350,21/12/24 23:22:39.0,87.63,,,,
351,21/12/26 04:13:15.0,87.884,,,,
352,21/12/26 11:14:43.0,88.138,,,,
353,21/12/26 11:19:42.0,88.392,,,,
354,21/12/26 12:22:37.0,88.646,,,,
355,21/12/27 15:48:44.0,88.9,,,,
356,21/12/27 15:49:31.0,89.154,,,,
357,21/12/27 15:49:43.0,89.408,,,,
358,21/12/27 15:49:55.0,89.662,,,,
359,21/12/27 15:50:05.0,89.916,,,,
360,21/12/27 15:50:16.0,90.17,,,,
361,21/12/27 15:50:26.0,90.424,,,,
362,21/12/27 15:50:44.0,90.678,,,,
363,21/12/27 15:50:53.0,90.932,,,,
364,21/12/27 15:51:02.0,91.186,,,,
365,21/12/27 15:51:07.0,91.44,,,,
366,21/12/27 15:51:14.0,91.694,,,,
367,21/12/27 15:51:28.0,91.948,,,,
368,21/12/27 15:51:35.0,92.202,,,,
369,21/12/27 15:51:40.0,92.456,,,,
370,21/12/27 15:51:46.0,92.71,,,,
371,21/12/27 15:51:50.0,92.964,,,,
372,21/12/27 15:51:56.0,93.218,,,,
373,21/12/27 15:52:00.0,93.472,,,,
374,21/12/27 15:52:04.0,93.726,,,,
375,21/12/27 15:52:08.0,93.98,,,,
376,21/12/27 15:52:11.0,94.234,,,,
377,21/12/27 15:52:15.0,94.488,,,,
378,21/12/27 15:52:21.0,94.742,,,,
379,21/12/27 15:52:27.0,94.996,,,,
380,21/12/27 15:52:31.0,95.25,,,,
381,21/12/27 15:52:35.0,95.504,,,,
382,21/12/27 15:52:40.0,95.758,,,,
383,21/12/27 15:52:45.0,96.012,,,,
384,21/12/27 15:52:50.0,96.266,,,,
385,21/12/27 15:52:55.0,96.52,,,,
386,21/12/27 15:53:01.0,96.774,,,,
387,21/12/27 15:53:06.0,97.028,,,,
388,21/12/27 15:53:14.0,97.282,,,,
389,21/12/27 15:53:19.0,97.536,,,,
390,21/12/27 15:53:24.0,97.79,,,,
391,21/12/27 15:53:29.0,98.044,,,,
392,21/12/27 15:53:35.0,98.298,,,,
393,21/12/27 15:53:39.0,98.552,,,,
394,21/12/27 15:53:45.0,98.806,,,,
395,21/12/27 15:53:51.0,99.06,,,,
396,21/12/27 15:53:57.0,99.314,,,,
397,21/12/27 15:54:02.0,99.568,,,,
398,21/12/27 15:54:08.0,99.822,,,,
399,21/12/27 15:54:13.0,100.076,,,,
400,21/12/27 15:54:18.0,100.33,,,,
401,21/12/27 15:54:23.0,100.584,,,,
402,21/12/27 15:54:29.0,100.838,,,,
403,21/12/27 15:54:33.0,101.092,,,,
404,21/12/27 15:54:38.0,101.346,,,,
405,21/12/27 15:54:43.0,101.6,,,,
406,21/12/27 15:54:47.0,101.854,,,,
407,21/12/27 15:54:52.0,102.108,,,,
408,21/12/27 15:54:56.0,102.362,,,,
409,21/12/27 15:55:00.0,102.616,,,,
410,21/12/27 15:55:04.0,102.87,,,,
411,21/12/27 15:55:08.0,103.124,,,,
412,21/12/27 15:55:13.0,103.378,,,,
413,21/12/27 15:55:17.0,103.632,,,,
414,21/12/27 15:55:21.0,103.886,,,,
415,21/12/27 15:55:25.0,104.14,,,,
416,21/12/27 15:55:31.0,104.394,,,,
417,21/12/27 15:55:36.0,104.648,,,,
418,21/12/27 15:55:42.0,104.902,,,,
419,21/12/27 15:55:47.0,105.156,,,,
420,21/12/27 15:55:53.0,105.41,,,,
421,21/12/27 15:55:56.0,105.664,,,,
422,21/12/27 15:56:02.0,105.918,,,,
423,21/12/27 15:56:06.0,106.172,,,,
424,21/12/27 15:56:11.0,106.426,,,,
425,21/12/27 15:56:14.0,106.68,,,,
426,21/12/27 15:56:19.0,106.934,,,,
427,21/12/27 15:56:22.0,107.188,,,,
428,21/12/27 15:56:27.0,107.442,,,,
429,21/12/27 15:56:32.0,107.696,,,,
430,21/12/27 15:56:36.0,107.95,,,,
431,21/12/27 15:56:39.0,108.204,,,,
432,21/12/27 15:56:44.0,108.458,,,,
433,21/12/27 15:56:48.0,108.712,,,,
434,21/12/27 15:56:53.0,108.966,,,,
435,21/12/27 15:56:57.0,109.22,,,,
436,21/12/27 15:57:03.0,109.474,,,,
437,21/12/27 15:57:07.0,109.728,,,,
438,21/12/27 15:57:12.0,109.982,,,,
439,21/12/27 15:57:17.0,110.236,,,,
440,21/12/27 15:57:23.0,110.49,,,,
441,21/12/27 15:57:29.0,110.744,,,,
442,21/12/27 15:57:35.0,110.998,,,,
443,21/12/27 15:57:40.0,111.252,,,,
444,21/12/27 15:57:47.0,111.506,,,,
445,21/12/27 15:57:53.0,111.76,,,,
446,21/12/27 15:58:02.0,112.014,,,,
447,21/12/27 15:58:08.0,112.268,,,,
448,21/12/27 15:58:19.0,112.522,,,,
449,21/12/27 15:58:25.0,112.776,,,,
450,21/12/27 15:58:35.0,113.03,,,,
451,21/12/27 15:58:41.0,113.284,,,,
452,21/12/27 15:58:49.0,113.538,,,,
453,21/12/27 15:58:54.0,113.792,,,,
454,21/12/27 15:59:01.0,114.046,,,,
455,21/12/27 15:59:05.0,114.3,,,,
456,21/12/27 15:59:11.0,114.554,,,,
457,21/12/27 15:59:15.0,114.808,,,,
458,21/12/27 15:59:21.0,115.062,,,,
459,21/12/27 15:59:26.0,115.316,,,,
460,21/12/27 15:59:33.0,115.57,,,,
461,21/12/27 15:59:38.0,115.824,,,,
462,21/12/27 15:59:47.0,116.078,,,,
463,21/12/27 15:59:55.0,116.332,,,,
464,21/12/27 16:00:06.0,116.586,,,,
465,21/12/27 16:00:14.0,116.84,,,,
466,21/12/27 16:00:26.0,117.094,,,,
467,21/12/27 16:00:32.0,117.348,,,,
468,21/12/27 16:00:42.0,117.602,,,,
469,21/12/27 16:00:48.0,117.856,,,,
470,21/12/27 16:00:56.0,118.11,,,,
471,21/12/27 16:01:02.0,118.364,,,,
472,21/12/27 16:01:10.0,118.618,,,,
473,21/12/27 16:01:16.0,118.872,,,,
474,21/12/27 16:01:25.0,119.126,,,,
475,21/12/27 16:01:31.0,119.38,,,,
476,21/12/27 16:01:39.0,119.634,,,,
477,21/12/27 16:01:46.0,119.888,,,,
478,21/12/27 16:01:56.0,120.142,,,,
479,21/12/27 16:02:05.0,120.396,,,,
480,21/12/27 16:02:19.0,120.65,,,,
481,21/12/27 16:02:30.0,120.904,,,,
482,21/12/27 16:02:40.0,121.158,,,,
483,21/12/27 16:02:47.0,121.412,,,,
484,21/12/27 16:02:54.0,121.666,,,,
485,21/12/27 16:03:00.0,121.92,,,,
486,21/12/27 16:03:09.0,122.174,,,,
487,21/12/27 16:03:15.0,122.428,,,,
488,21/12/27 16:03:22.0,122.682,,,,
489,21/12/27 16:03:29.0,122.936,,,,
490,21/12/27 16:03:37.0,123.19,,,,
491,21/12/27 16:03:43.0,123.444,,,,
492,21/12/27 16:03:52.0,123.698,,,,
493,21/12/27 16:03:58.0,123.952,,,,
494,21/12/27 16:04:05.0,124.206,,,,
495,21/12/27 16:04:12.0,124.46,,,,
496,21/12/27 16:04:22.0,124.714,,,,
497,21/12/27 16:04:28.0,124.968,,,,
498,21/12/27 16:04:39.0,125.222,,,,
499,21/12/27 16:04:46.0,125.476,,,,
500,21/12/27 16:04:56.0,125.73,,,,
501,21/12/27 16:05:03.0,125.984,,,,
502,21/12/27 16:05:12.0,126.238,,,,
503,21/12/27 16:05:19.0,126.492,,,,
504,21/12/27 16:05:28.0,126.746,,,,
505,21/12/27 16:05:36.0,127,,,,
506,21/12/27 16:05:46.0,127.254,,,,
507,21/12/27 16:05:54.0,127.508,,,,
508,21/12/27 16:06:06.0,127.762,,,,
509,21/12/27 16:06:18.0,128.016,,,,
510,21/12/27 16:06:44.0,128.27,,,,
511,21/12/27 16:06:59.0,128.524,,,,
512,21/12/27 16:07:15.0,128.778,,,,
513,21/12/27 16:07:26.0,129.032,,,,
514,21/12/27 16:07:38.0,129.286,,,,
515,21/12/27 16:07:48.0,129.54,,,,
516,21/12/27 16:08:12.0,129.794,,,,
517,21/12/27 16:08:42.0,130.048,,,,
518,21/12/27 16:09:46.0,130.302,,,,
519,21/12/27 16:11:03.0,130.556,,,,
520,21/12/27 16:13:45.0,130.81,,,,
521,21/12/27 16:16:01.0,131.064,,,,
522,21/12/27 16:20:31.0,131.318,,,,
523,21/12/27 16:25:09.0,131.572,,,,
524,21/12/27 16:34:03.0,131.826,,,,
525,21/12/27 16:38:41.0,132.08,,,,
526,21/12/27 16:58:13.0,132.334,,,,
527,21/12/27 17:51:36.0,132.588,,,,
528,21/12/27 18:16:04.0,132.842,,,,
529,21/12/27 18:50:22.0,133.096,,,,
530,21/12/27 18:50:39.0,133.35,,,,
531,21/12/27 18:50:47.0,133.604,,,,
532,21/12/27 18:51:00.0,133.858,,,,
533,21/12/27 18:51:10.0,134.112,,,,
534,21/12/27 18:51:23.0,134.366,,,,
535,21/12/27 18:51:31.0,134.62,,,,
536,21/12/27 18:51:42.0,134.874,,,,
537,21/12/27 18:51:50.0,135.128,,,,
538,21/12/27 18:52:01.0,135.382,,,,
539,21/12/27 18:52:08.0,135.636,,,,
540,21/12/27 18:52:22.0,135.89,,,,
541,21/12/27 18:52:30.0,136.144,,,,
542,21/12/27 18:52:39.0,136.398,,,,
543,21/12/27 18:52:49.0,136.652,,,,
544,21/12/27 18:53:05.0,136.906,,,,
545,21/12/27 18:53:21.0,137.16,,,,
546,21/12/27 18:53:38.0,137.414,,,,
547,21/12/27 18:53:52.0,137.668,,,,
548,21/12/27 18:54:12.0,137.922,,,,
549,21/12/27 18:54:28.0,138.176,,,,
550,21/12/27 18:54:55.0,138.43,,,,
551,21/12/27 18:55:15.0,138.684,,,,
552,21/12/27 18:55:35.0,138.938,,,,
553,21/12/27 18:55:51.0,139.192,,,,
554,21/12/27 18:56:09.0,139.446,,,,
555,21/12/27 18:56:23.0,139.7,,,,
556,21/12/27 18:56:44.0,139.954,,,,
557,21/12/27 18:57:04.0,140.208,,,,
558,21/12/27 18:57:26.0,140.462,,,,
559,21/12/27 18:57:39.0,140.716,,,,
560,21/12/27 18:57:59.0,140.97,,,,
561,21/12/27 18:58:14.0,141.224,,,,
562,21/12/27 18:58:29.0,141.478,,,,
563,21/12/27 18:58:47.0,141.732,,,,
564,21/12/27 18:59:08.0,141.986,,,,
565,21/12/27 18:59:26.0,142.24,,,,
566,21/12/27 18:59:47.0,142.494,,,,
567,21/12/27 19:00:18.0,142.748,,,,
568,21/12/27 19:00:46.0,143.002,,,,
569,21/12/27 19:01:03.0,143.256,,,,
570,21/12/27 19:01:21.0,143.51,,,,
571,21/12/27 19:01:33.0,143.764,,,,
572,21/12/27 19:01:47.0,144.018,,,,
573,21/12/27 19:01:59.0,144.272,,,,
574,21/12/27 19:02:13.0,144.526,,,,
575,21/12/27 19:02:25.0,144.78,,,,
576,21/12/27 19:02:40.0,145.034,,,,
577,21/12/27 19:02:53.0,145.288,,,,
578,21/12/27 19:03:10.0,145.542,,,,
579,21/12/27 19:03:26.0,145.796,,,,
580,21/12/27 19:03:47.0,146.05,,,,
581,21/12/27 19:04:09.0,146.304,,,,
582,21/12/27 19:04:41.0,146.558,,,,
583,21/12/27 19:05:08.0,146.812,,,,
584,21/12/27 19:05:43.0,147.066,,,,
585,21/12/27 19:06:08.0,147.32,,,,
586,21/12/27 19:06:47.0,147.574,,,,
587,21/12/27 19:07:32.0,147.828,,,,
588,21/12/27 19:08:51.0,148.082,,,,
589,21/12/27 19:10:50.0,148.336,,,,
590,21/12/27 19:13:40.0,148.59,,,,
591,21/12/27 19:15:23.0,148.844,,,,
592,21/12/27 19:28:08.0,149.098,,,,
593,21/12/30 08:30:02.0,149.352,,,,
594,21/12/30 08:31:02.0,149.606,,,,
595,21/12/30 08:31:51.0,149.86,,,,
596,21/12/30 08:33:12.0,150.114,,,,
597,21/12/30 08:33:47.0,150.368,,,,
598,21/12/30 08:34:59.0,150.622,,,,
599,21/12/30 08:36:17.0,150.876,,,,
600,21/12/30 09:00:15.0,151.13,,,,
601,21/12/30 10:01:46.0,151.384,,,,
602,21/12/30 11:18:27.0,151.638,,,,
603,21/12/30 11:21:20.0,151.892,,,,
604,21/12/30 11:27:20.0,152.146,,,,
605,21/12/30 11:27:58.0,152.4,,,,
606,21/12/30 11:28:20.0,152.654,,,,
607,21/12/30 11:28:50.0,152.908,,,,
608,21/12/30 11:30:25.0,153.162,,,,
609,21/12/30 11:31:56.0,153.416,,,,
610,21/12/30 11:35:48.0,153.67,,,,
611,21/12/30 11:36:17.0,153.924,,,,
612,21/12/30 11:36:57.0,154.178,,,,
613,21/12/30 11:38:09.0,154.432,,,,
614,21/12/30 11:39:31.0,154.686,,,,
615,21/12/30 11:56:59.0,154.94,,,,
616,21/12/30 11:58:12.0,155.194,,,,
617,21/12/30 11:59:06.0,155.448,,,,
618,21/12/30 11:59:48.0,155.702,,,,
619,21/12/30 12:00:34.0,155.956,,,,
620,21/12/30 12:02:07.0,156.21,,,,
621,21/12/30 12:23:24.0,156.464,,,,
622,21/12/30 13:45:05.0,156.718,,,,
623,21/12/30 18:30:57.0,156.972,,,,
624,21/12/30 18:33:47.0,157.226,,,,
625,21/12/30 18:34:21.0,157.48,,,,
626,21/12/30 18:34:44.0,157.734,,,,
627,21/12/30 18:35:03.0,157.988,,,,
628,21/12/30 18:35:22.0,158.242,,,,
629,21/12/30 18:35:38.0,158.496,,,,
630,21/12/30 18:35:57.0,158.75,,,,
631,21/12/30 18:36:14.0,159.004,,,,
632,21/12/30 18:36:31.0,159.258,,,,
633,21/12/30 18:36:43.0,159.512,,,,
634,21/12/30 18:36:56.0,159.766,,,,
635,21/12/30 18:37:02.0,160.02,,,,
636,21/12/30 18:37:11.0,160.274,,,,
637,21/12/30 18:37:19.0,160.528,,,,
638,21/12/30 18:37:25.0,160.782,,,,
639,21/12/30 18:37:32.0,161.036,,,,
640,21/12/30 18:37:39.0,161.29,,,,
641,21/12/30 18:37:46.0,161.544,,,,
642,21/12/30 18:37:53.0,161.798,,,,
643,21/12/30 18:37:59.0,162.052,,,,
644,21/12/30 18:38:06.0,162.306,,,,
645,21/12/30 18:38:12.0,162.56,,,,
646,21/12/30 18:38:20.0,162.814,,,,
647,21/12/30 18:38:25.0,163.068,,,,
648,21/12/30 18:38:33.0,163.322,,,,
649,21/12/30 18:38:38.0,163.576,,,,
650,21/12/30 18:38:45.0,163.83,,,,
651,21/12/30 18:38:52.0,164.084,,,,
652,21/12/30 18:39:00.0,164.338,,,,
653,21/12/30 18:39:12.0,164.592,,,,
654,21/12/30 18:39:25.0,164.846,,,,
655,21/12/30 18:39:36.0,165.1,,,,
656,21/12/30 18:39:47.0,165.354,,,,
657,21/12/30 18:39:55.0,165.608,,,,
658,21/12/30 18:40:04.0,165.862,,,,
659,21/12/30 18:40:13.0,166.116,,,,
660,21/12/30 18:40:21.0,166.37,,,,
661,21/12/30 18:40:32.0,166.624,,,,
662,21/12/30 18:40:47.0,166.878,,,,
663,21/12/30 18:41:03.0,167.132,,,,
664,21/12/30 18:41:19.0,167.386,,,,
665,21/12/30 18:41:30.0,167.64,,,,
666,21/12/30 18:41:43.0,167.894,,,,
667,21/12/30 18:41:53.0,168.148,,,,
668,21/12/30 18:42:07.0,168.402,,,,
669,21/12/30 18:42:23.0,168.656,,,,
670,21/12/30 18:42:57.0,168.91,,,,
671,21/12/30 18:43:28.0,169.164,,,,
672,21/12/30 18:43:56.0,169.418,,,,
673,21/12/30 18:44:15.0,169.672,,,,
674,21/12/30 18:44:31.0,169.926,,,,
675,21/12/30 18:44:45.0,170.18,,,,
676,21/12/30 18:44:58.0,170.434,,,,
677,21/12/30 18:45:11.0,170.688,,,,
678,21/12/30 18:45:22.0,170.942,,,,
679,21/12/30 18:45:33.0,171.196,,,,
680,21/12/30 18:45:45.0,171.45,,,,
681,21/12/30 18:45:55.0,171.704,,,,
682,21/12/30 18:46:07.0,171.958,,,,
683,21/12/30 18:46:17.0,172.212,,,,
684,21/12/30 18:46:27.0,172.466,,,,
685,21/12/30 18:46:36.0,172.72,,,,
686,21/12/30 18:46:47.0,172.974,,,,
687,21/12/30 18:46:55.0,173.228,,,,
688,21/12/30 18:47:08.0,173.482,,,,
689,21/12/30 18:47:21.0,173.736,,,,
690,21/12/30 18:47:36.0,173.99,,,,
691,21/12/30 18:47:47.0,174.244,,,,
692,21/12/30 18:47:59.0,174.498,,,,
693,21/12/30 18:48:09.0,174.752,,,,
694,21/12/30 18:48:24.0,175.006,,,,
695,21/12/30 18:48:35.0,175.26,,,,
696,21/12/30 18:48:46.0,175.514,,,,
697,21/12/30 18:48:56.0,175.768,,,,
698,21/12/30 18:49:11.0,176.022,,,,
699,21/12/30 18:49:32.0,176.276,,,,
700,21/12/30 18:49:52.0,176.53,,,,
701,21/12/30 18:50:10.0,176.784,,,,
702,21/12/30 18:50:29.0,177.038,,,,
703,21/12/30 18:50:50.0,177.292,,,,
704,21/12/30 18:51:16.0,177.546,,,,
705,21/12/30 18:51:33.0,177.8,,,,
706,21/12/30 18:51:50.0,178.054,,,,
707,21/12/30 18:52:06.0,178.308,,,,
708,21/12/30 18:52:28.0,178.562,,,,
709,21/12/30 18:52:46.0,178.816,,,,
710,21/12/30 18:53:04.0,179.07,,,,
711,21/12/30 18:53:20.0,179.324,,,,
712,21/12/30 18:53:39.0,179.578,,,,
713,21/12/30 18:53:59.0,179.832,,,,
714,21/12/30 18:54:29.0,180.086,,,,
715,21/12/30 18:55:00.0,180.34,,,,
716,21/12/30 18:55:45.0,180.594,,,,
717,21/12/30 18:56:42.0,180.848,,,,
718,21/12/30 18:57:59.0,181.102,,,,
719,21/12/30 18:58:44.0,181.356,,,,
720,21/12/30 18:59:27.0,181.61,,,,
721,21/12/30 19:00:08.0,181.864,,,,
722,21/12/30 19:00:43.0,182.118,,,,
723,21/12/30 19:01:03.0,182.372,,,,
724,21/12/30 19:01:23.0,182.626,,,,
725,21/12/30 19:01:45.0,182.88,,,,
726,21/12/30 19:02:15.0,183.134,,,,
727,21/12/30 19:02:42.0,183.388,,,,
728,21/12/30 19:03:15.0,183.642,,,,
729,21/12/30 19:03:42.0,183.896,,,,
730,21/12/30 19:04:13.0,184.15,,,,
731,21/12/30 19:04:51.0,184.404,,,,
732,21/12/30 19:05:48.0,184.658,,,,
733,21/12/30 19:06:59.0,184.912,,,,
734,21/12/30 19:10:33.0,185.166,,,,
735,21/12/30 19:19:22.0,185.42,,,,
736,21/12/30 19:36:38.0,185.674,,,,
737,21/12/30 19:47:31.0,185.928,,,,
738,21/12/30 19:54:26.0,186.182,,,,
739,21/12/30 19:59:38.0,186.436,,,,
740,21/12/30 20:11:10.0,186.69,,,,
741,21/12/30 20:32:53.0,186.944,,,,
742,21/12/30 20:41:51.0,187.198,,,,
743,21/12/30 20:50:02.0,187.452,,,,
744,21/12/30 21:38:37.0,187.706,,,,
745,22/01/01 22:11:37.0,187.96,,,,
746,22/01/01 22:15:21.0,188.214,,,,
747,22/01/01 22:17:02.0,188.468,,,,
748,22/01/01 22:19:33.0,188.722,,,,
749,22/01/02 00:41:11.0,188.976,,,,
750,22/01/02 06:51:43.0,189.23,,,,
751,22/01/02 06:52:06.0,189.484,,,,
752,22/01/02 06:52:24.0,189.738,,,,
753,22/01/02 06:52:39.0,189.992,,,,
754,22/01/02 06:52:57.0,190.246,,,,
755,22/01/02 06:53:13.0,190.5,,,,
756,22/01/02 06:53:34.0,190.754,,,,
757,22/01/02 06:54:09.0,191.008,,,,
758,22/01/02 06:55:01.0,191.262,,,,
759,22/01/02 06:56:09.0,191.516,,,,
760,22/01/02 06:57:43.0,191.77,,,,
761,22/01/02 06:59:25.0,192.024,,,,
762,22/01/02 06:59:56.0,192.278,,,,
763,22/01/02 07:00:40.0,192.532,,,,
764,22/01/02 07:02:28.0,192.786,,,,
765,22/01/02 07:05:07.0,193.04,,,,
766,22/01/02 07:05:49.0,193.294,,,,
767,22/01/02 07:06:08.0,193.548,,,,
768,22/01/02 07:06:32.0,193.802,,,,
769,22/01/02 07:06:50.0,194.056,,,,
770,22/01/02 07:07:13.0,194.31,,,,
771,22/01/02 07:07:31.0,194.564,,,,
772,22/01/02 07:07:48.0,194.818,,,,
773,22/01/02 07:08:06.0,195.072,,,,
774,22/01/02 07:08:26.0,195.326,,,,
775,22/01/02 07:08:43.0,195.58,,,,
776,22/01/02 07:09:03.0,195.834,,,,
777,22/01/02 07:09:28.0,196.088,,,,
778,22/01/02 07:09:51.0,196.342,,,,
779,22/01/02 07:10:10.0,196.596,,,,
780,22/01/02 07:10:28.0,196.85,,,,
781,22/01/02 07:10:50.0,197.104,,,,
782,22/01/02 07:11:20.0,197.358,,,,
783,22/01/02 07:11:53.0,197.612,,,,
784,22/01/02 07:12:41.0,197.866,,,,
785,22/01/02 07:13:23.0,198.12,,,,
786,22/01/02 07:13:56.0,198.374,,,,
787,22/01/02 07:14:21.0,198.628,,,,
788,22/01/02 07:14:47.0,198.882,,,,
789,22/01/02 07:15:09.0,199.136,,,,
790,22/01/02 07:15:46.0,199.39,,,,
791,22/01/02 07:17:04.0,199.644,,,,
792,22/01/02 07:18:17.0,199.898,,,,
793,22/01/02 07:18:43.0,200.152,,,,
794,22/01/02 07:19:26.0,200.406,,,,
795,22/01/02 07:19:59.0,200.66,,,,
796,22/01/02 07:20:28.0,200.914,,,,
797,22/01/02 07:20:49.0,201.168,,,,
798,22/01/02 07:21:08.0,201.422,,,,
799,22/01/02 07:21:21.0,201.676,,,,
800,22/01/02 07:21:37.0,201.93,,,,
801,22/01/02 07:21:57.0,202.184,,,,
802,22/01/02 07:22:30.0,202.438,,,,
803,22/01/02 07:22:57.0,202.692,,,,
804,22/01/02 07:23:39.0,202.946,,,,
805,22/01/02 07:24:56.0,203.2,,,,
806,22/01/02 07:29:42.0,203.454,,,,
807,22/01/02 07:42:18.0,203.708,,,,
808,22/01/02 07:57:47.0,203.962,,,,
809,22/01/02 08:10:51.0,204.216,,,,
810,22/01/02 09:26:27.0,204.47,,,,
811,22/01/04 11:47:54.0,204.724,,,,
812,22/01/04 11:57:46.0,204.978,,,,
813,22/01/04 12:05:48.0,205.232,,,,
814,22/01/04 12:12:23.0,205.486,,,,
815,22/01/04 12:55:53.0,205.74,,,,
816,22/01/05 00:27:13.0,205.994,,,,
817,22/01/05 00:29:31.0,206.248,,,,
818,22/01/05 00:30:59.0,206.502,,,,
819,22/01/05 00:32:07.0,206.756,,,,
820,22/01/05 00:33:33.0,207.01,,,,
821,22/01/05 00:34:06.0,207.264,,,,
822,22/01/05 00:34:59.0,207.518,,,,
823,22/01/05 00:36:50.0,207.772,,,,
824,22/01/05 00:40:19.0,208.026,,,,
825,22/01/05 00:43:05.0,208.28,,,,
826,22/01/05 06:46:31.0,208.534,,,,
827,22/01/06 08:04:03.0,208.788,,,,
828,22/01/13 13:18:03.0,,,Logged,,
829,22/01/13 13:18:19.0,,,,Logged,
830,22/01/13 13:18:48.0,,Logged,,,
831,22/01/14 10:23:36.0,209.042,,,,
832,22/01/17 02:15:42.0,209.296,,,,
833,22/01/17 03:53:07.0,209.55,,,,
834,22/01/17 06:34:45.0,209.804,,,,
835,22/01/22 00:03:43.0,210.058,,,,
836,22/01/22 00:03:56.0,210.312,,,,
837,22/01/22 00:04:14.0,210.566,,,,
838,22/01/22 00:04:34.0,210.82,,,,
839,22/01/22 00:05:21.0,211.074,,,,
840,22/01/22 00:08:53.0,211.328,,,,
841,22/01/22 00:25:05.0,211.582,,,,
842,22/01/22 02:49:11.0,211.836,,,,
843,22/01/22 02:51:54.0,212.09,,,,
844,22/01/22 03:45:14.0,212.344,,,,
845,22/01/22 04:41:49.0,212.598,,,,
846,22/01/22 04:43:34.0,212.852,,,,
847,22/01/22 04:45:03.0,213.106,,,,
848,22/01/22 04:53:17.0,213.36,,,,
849,22/01/22 05:04:50.0,213.614,,,,
850,22/01/22 05:11:29.0,213.868,,,,
851,22/01/22 07:04:04.0,214.122,,,,
852,22/01/22 07:04:39.0,214.376,,,,
853,22/01/22 19:46:17.0,214.63,,,,
854,22/01/22 19:58:43.0,214.884,,,,
855,22/01/23 01:34:02.0,215.138,,,,
856,22/01/27 12:12:50.0,215.392,,,,
857,22/01/27 12:13:30.0,215.646,,,,
858,22/01/27 12:14:25.0,215.9,,,,
859,22/01/27 12:16:19.0,216.154,,,,
860,22/01/28 19:44:11.0,216.408,,,,
861,22/01/28 19:44:44.0,216.662,,,,
862,22/01/28 19:45:21.0,216.916,,,,
863,22/01/28 19:46:53.0,217.17,,,,
864,22/01/28 19:48:46.0,217.424,,,,
865,22/01/28 19:53:11.0,217.678,,,,
866,22/01/28 19:55:32.0,217.932,,,,
867,22/01/28 19:56:24.0,218.186,,,,
868,22/01/28 19:56:46.0,218.44,,,,
869,22/01/28 19:57:14.0,218.694,,,,
870,22/01/28 19:58:09.0,218.948,,,,
871,22/01/28 19:58:50.0,219.202,,,,
872,22/01/28 19:59:29.0,219.456,,,,
873,22/01/28 20:00:32.0,219.71,,,,
874,22/01/28 20:01:16.0,219.964,,,,
875,22/01/28 20:02:14.0,220.218,,,,
876,22/01/28 20:03:01.0,220.472,,,,
877,22/01/28 20:03:41.0,220.726,,,,
878,22/01/28 20:04:10.0,220.98,,,,
879,22/01/28 20:04:53.0,221.234,,,,
880,22/01/28 20:05:15.0,221.488,,,,
881,22/01/28 20:05:43.0,221.742,,,,
882,22/01/28 20:06:01.0,221.996,,,,
883,22/01/28 20:06:23.0,222.25,,,,
884,22/01/28 20:06:41.0,222.504,,,,
885,22/01/28 20:06:58.0,222.758,,,,
886,22/01/28 20:07:16.0,223.012,,,,
887,22/01/28 20:07:33.0,223.266,,,,
888,22/01/28 20:07:55.0,223.52,,,,
889,22/01/28 20:08:25.0,223.774,,,,
890,22/01/28 20:09:11.0,224.028,,,,
891,22/01/28 20:10:22.0,224.282,,,,
892,22/01/28 20:11:00.0,224.536,,,,
893,22/01/28 20:12:01.0,224.79,,,,
894,22/01/28 20:13:07.0,225.044,,,,
895,22/01/28 20:13:46.0,225.298,,,,
896,22/01/28 20:14:16.0,225.552,,,,
897,22/01/28 20:14:54.0,225.806,,,,
898,22/01/28 20:15:29.0,226.06,,,,
899,22/01/28 20:16:07.0,226.314,,,,
900,22/01/28 20:16:34.0,226.568,,,,
901,22/01/28 20:17:00.0,226.822,,,,
902,22/01/28 20:17:23.0,227.076,,,,
903,22/01/28 20:17:53.0,227.33,,,,
904,22/01/28 20:18:18.0,227.584,,,,
905,22/01/28 20:18:50.0,227.838,,,,
906,22/01/28 20:19:39.0,228.092,,,,
907,22/01/28 20:20:32.0,228.346,,,,
908,22/01/28 20:21:22.0,228.6,,,,
909,22/01/28 20:22:28.0,228.854,,,,
910,22/01/28 20:23:50.0,229.108,,,,
911,22/01/28 20:25:27.0,229.362,,,,
912,22/01/28 20:27:31.0,229.616,,,,
913,22/01/28 20:29:57.0,229.87,,,,
914,22/01/28 20:31:28.0,230.124,,,,
915,22/01/28 20:34:37.0,230.378,,,,
916,22/01/28 20:38:22.0,230.632,,,,
917,22/01/28 20:42:38.0,230.886,,,,
918,22/01/28 20:46:58.0,231.14,,,,
919,22/01/28 20:55:04.0,231.394,,,,
920,22/01/28 21:00:10.0,231.648,,,,
921,22/01/28 21:03:33.0,231.902,,,,
922,22/01/28 21:05:09.0,232.156,,,,
923,22/01/28 21:06:28.0,232.41,,,,
924,22/01/28 21:07:29.0,232.664,,,,
925,22/01/28 21:08:25.0,232.918,,,,
926,22/01/28 21:09:17.0,233.172,,,,
927,22/01/28 21:10:08.0,233.426,,,,
928,22/01/28 21:11:03.0,233.68,,,,
929,22/01/28 21:12:03.0,233.934,,,,
930,22/01/28 21:12:49.0,234.188,,,,
931,22/01/28 21:13:27.0,234.442,,,,
932,22/01/28 21:13:59.0,234.696,,,,
933,22/01/28 21:14:48.0,234.95,,,,
934,22/01/28 21:15:28.0,235.204,,,,
935,22/01/28 21:16:08.0,235.458,,,,
936,22/01/28 21:16:42.0,235.712,,,,
937,22/01/28 21:17:20.0,235.966,,,,
938,22/01/28 21:18:00.0,236.22,,,,
939,22/01/28 21:18:35.0,236.474,,,,
940,22/01/28 21:19:09.0,236.728,,,,
941,22/01/28 21:19:43.0,236.982,,,,
942,22/01/28 21:20:12.0,237.236,,,,
943,22/01/28 21:20:45.0,237.49,,,,
944,22/01/28 21:21:29.0,237.744,,,,
945,22/01/28 21:22:27.0,237.998,,,,
946,22/01/28 21:23:21.0,238.252,,,,
947,22/01/28 21:24:23.0,238.506,,,,
948,22/01/28 21:25:26.0,238.76,,,,
949,22/01/28 21:26:53.0,239.014,,,,
950,22/01/28 21:28:10.0,239.268,,,,
951,22/01/28 21:29:04.0,239.522,,,,
952,22/01/28 21:30:01.0,239.776,,,,
953,22/01/28 21:31:13.0,240.03,,,,
954,22/01/28 21:32:27.0,240.284,,,,
955,22/01/28 21:33:48.0,240.538,,,,
956,22/01/28 21:35:53.0,240.792,,,,
957,22/01/28 21:39:04.0,241.046,,,,
958,22/01/28 21:42:56.0,241.3,,,,
959,22/01/28 21:45:37.0,241.554,,,,
960,22/01/28 21:47:25.0,241.808,,,,
961,22/01/28 21:48:44.0,242.062,,,,
962,22/01/28 21:50:18.0,242.316,,,,
963,22/01/28 21:52:29.0,242.57,,,,
964,22/01/28 21:55:20.0,242.824,,,,
965,22/01/28 21:59:37.0,243.078,,,,
966,22/01/28 22:04:04.0,243.332,,,,
967,22/01/28 22:07:45.0,243.586,,,,
968,22/01/28 22:10:43.0,243.84,,,,
969,22/01/28 22:13:22.0,244.094,,,,
970,22/01/28 22:15:43.0,244.348,,,,
971,22/01/28 22:17:49.0,244.602,,,,
972,22/01/28 22:20:14.0,244.856,,,,
973,22/01/28 22:22:50.0,245.11,,,,
974,22/01/28 22:25:48.0,245.364,,,,
975,22/01/28 22:29:37.0,245.618,,,,
976,22/01/28 22:35:29.0,245.872,,,,
977,22/01/28 22:39:40.0,246.126,,,,
978,22/01/28 22:43:15.0,246.38,,,,
979,22/01/28 22:48:24.0,246.634,,,,
980,22/01/28 22:54:08.0,246.888,,,,
981,22/01/28 23:00:20.0,247.142,,,,
982,22/01/28 23:07:31.0,247.396,,,,
983,22/01/28 23:16:30.0,247.65,,,,
984,22/01/28 23:24:55.0,247.904,,,,
985,22/01/28 23:38:46.0,248.158,,,,
986,22/01/28 23:52:24.0,248.412,,,,
987,22/01/29 01:41:01.0,248.666,,,,
988,22/01/29 04:03:12.0,248.92,,,,
989,22/01/29 19:45:10.0,249.174,,,,
990,22/01/29 21:32:23.0,249.428,,,,
991,22/01/29 21:34:40.0,249.682,,,,
992,22/01/29 21:35:41.0,249.936,,,,
993,22/01/29 21:42:07.0,250.19,,,,
994,22/01/29 21:50:28.0,250.444,,,,
995,22/01/29 22:47:12.0,250.698,,,,
996,22/01/29 23:07:58.0,250.952,,,,
997,22/01/29 23:42:50.0,251.206,,,,
998,22/01/29 23:56:03.0,251.46,,,,
999,22/01/30 00:03:04.0,251.714,,,,
1000,22/01/30 00:13:54.0,251.968,,,,
1001,22/01/30 00:14:50.0,252.222,,,,
1002,22/01/30 00:16:09.0,252.476,,,,
1003,22/01/30 00:17:20.0,252.73,,,,
1004,22/01/30 01:17:37.0,252.984,,,,
1005,22/01/30 02:05:52.0,253.238,,,,
1006,22/01/30 02:11:11.0,253.492,,,,
1007,22/01/30 02:42:45.0,253.746,,,,
1008,22/01/30 21:55:19.0,254,,,,
1009,22/01/31 11:54:08.0,254.254,,,,
1010,22/01/31 12:16:35.0,254.508,,,,
1011,22/01/31 12:18:45.0,254.762,,,,
1012,22/01/31 12:22:07.0,255.016,,,,
1013,22/01/31 12:24:51.0,255.27,,,,
1014,22/01/31 12:28:24.0,255.524,,,,
1015,22/02/04 02:54:02.0,255.778,,,,
1016,22/02/04 02:56:14.0,256.032,,,,
1017,22/02/04 02:58:04.0,256.286,,,,
1018,22/02/04 03:00:15.0,256.54,,,,
1019,22/02/04 03:44:07.0,256.794,,,,
1020,22/02/04 03:46:48.0,257.048,,,,
1021,22/02/04 03:57:10.0,257.302,,,,
1022,22/02/04 04:50:02.0,257.556,,,,
1023,22/02/04 04:54:19.0,257.81,,,,
1024,22/02/04 04:58:24.0,258.064,,,,
1025,22/02/04 05:00:41.0,258.318,,,,
1026,22/02/04 05:05:50.0,258.572,,,,
1027,22/02/04 08:56:36.0,258.826,,,,
1028,22/02/04 11:15:14.0,259.08,,,,
1029,22/02/04 11:34:09.0,259.334,,,,
1030,22/02/04 11:52:17.0,259.588,,,,
1031,22/02/04 12:00:43.0,259.842,,,,
1032,22/02/04 13:11:25.0,260.096,,,,
1033,22/02/04 13:19:21.0,260.35,,,,
1034,22/02/04 13:23:48.0,260.604,,,,
1035,22/02/04 15:51:42.0,260.858,,,,
1036,22/02/04 19:14:42.0,261.112,,,,
1037,22/02/04 19:16:24.0,261.366,,,,
1038,22/02/04 19:17:18.0,261.62,,,,
1039,22/02/04 19:18:08.0,261.874,,,,
1040,22/02/04 19:19:35.0,262.128,,,,
1041,22/02/04 19:20:48.0,262.382,,,,
1042,22/02/04 19:21:44.0,262.636,,,,
1043,22/02/04 19:23:20.0,262.89,,,,
1044,22/02/04 19:28:27.0,263.144,,,,
1045,22/02/05 08:53:03.0,263.398,,,,
1046,22/02/05 11:06:42.0,263.652,,,,
1047,22/02/05 11:26:44.0,263.906,,,,
1048,22/02/05 12:38:44.0,264.16,,,,
1049,22/02/05 12:40:23.0,264.414,,,,
1050,22/02/05 12:41:07.0,264.668,,,,
1051,22/02/05 12:41:34.0,264.922,,,,
1052,22/02/05 12:41:50.0,265.176,,,,
1053,22/02/05 12:42:16.0,265.43,,,,
1054,22/02/05 12:42:45.0,265.684,,,,
1055,22/02/05 13:17:30.0,265.938,,,,
1056,22/02/05 13:44:55.0,266.192,,,,
1057,22/02/05 13:49:37.0,266.446,,,,
1058,22/02/05 13:50:09.0,266.7,,,,
1059,22/02/05 13:50:38.0,266.954,,,,
1060,22/02/05 16:53:17.0,267.208,,,,
1061,22/02/05 18:39:47.0,267.462,,,,
1062,22/02/05 18:40:14.0,267.716,,,,
1063,22/02/05 18:40:28.0,267.97,,,,
1064,22/02/05 18:40:48.0,268.224,,,,
1065,22/02/05 18:40:58.0,268.478,,,,
1066,22/02/05 18:41:06.0,268.732,,,,
1067,22/02/05 18:41:15.0,268.986,,,,
1068,22/02/05 18:41:29.0,269.24,,,,
1069,22/02/05 18:41:47.0,269.494,,,,
1070,22/02/05 18:42:04.0,269.748,,,,
1071,22/02/05 18:42:28.0,270.002,,,,
1072,22/02/05 18:43:23.0,270.256,,,,
1073,22/02/05 18:44:53.0,270.51,,,,
1074,22/02/05 18:53:16.0,270.764,,,,
1075,22/02/05 19:45:12.0,271.018,,,,
1076,22/02/05 19:46:02.0,271.272,,,,
1077,22/02/05 19:47:10.0,271.526,,,,
1078,22/02/05 19:48:25.0,271.78,,,,
1079,22/02/05 19:49:27.0,272.034,,,,
1080,22/02/05 19:50:37.0,272.288,,,,
1081,22/02/05 19:53:20.0,272.542,,,,
1082,22/02/05 19:55:34.0,272.796,,,,
1083,22/02/05 19:56:50.0,273.05,,,,
1084,22/02/05 19:58:46.0,273.304,,,,
1085,22/02/05 20:18:08.0,273.558,,,,
1086,22/02/05 20:18:38.0,273.812,,,,
1087,22/02/05 20:18:59.0,274.066,,,,
1088,22/02/05 20:19:13.0,274.32,,,,
1089,22/02/05 20:19:28.0,274.574,,,,
1090,22/02/05 20:19:45.0,274.828,,,,
1091,22/02/05 20:20:02.0,275.082,,,,
1092,22/02/05 20:20:21.0,275.336,,,,
1093,22/02/05 20:20:56.0,275.59,,,,
1094,22/02/05 20:24:43.0,275.844,,,,
1095,22/02/05 20:26:03.0,276.098,,,,
1096,22/02/05 21:09:34.0,276.352,,,,
1097,22/02/05 21:34:28.0,276.606,,,,
1098,22/02/05 21:35:13.0,276.86,,,,
1099,22/02/05 21:36:06.0,277.114,,,,
1100,22/02/05 21:37:11.0,277.368,,,,
1101,22/02/05 21:53:40.0,277.622,,,,
1102,22/02/05 21:55:42.0,277.876,,,,
1103,22/02/05 22:18:17.0,278.13,,,,
1104,22/02/05 22:52:34.0,278.384,,,,
1105,22/02/05 22:53:07.0,278.638,,,,
1106,22/02/05 22:53:49.0,278.892,,,,
1107,22/02/05 22:55:39.0,279.146,,,,
1108,22/02/05 22:57:06.0,279.4,,,,
1109,22/02/05 22:57:41.0,279.654,,,,
1110,22/02/05 22:58:15.0,279.908,,,,
1111,22/02/05 22:58:48.0,280.162,,,,
1112,22/02/05 22:59:09.0,280.416,,,,
1113,22/02/05 22:59:24.0,280.67,,,,
1114,22/02/05 22:59:55.0,280.924,,,,
1115,22/02/05 23:03:00.0,281.178,,,,
1116,22/02/05 23:04:02.0,281.432,,,,
1117,22/02/05 23:05:01.0,281.686,,,,
1118,22/02/05 23:05:58.0,281.94,,,,
1119,22/02/05 23:06:24.0,282.194,,,,
1120,22/02/05 23:06:45.0,282.448,,,,
1121,22/02/05 23:07:02.0,282.702,,,,
1122,22/02/05 23:07:19.0,282.956,,,,
1123,22/02/05 23:07:33.0,283.21,,,,
1124,22/02/05 23:07:41.0,283.464,,,,
1125,22/02/05 23:07:52.0,283.718,,,,
1126,22/02/05 23:08:03.0,283.972,,,,
1127,22/02/05 23:08:12.0,284.226,,,,
1128,22/02/05 23:08:23.0,284.48,,,,
1129,22/02/05 23:08:43.0,284.734,,,,
1130,22/02/05 23:09:06.0,284.988,,,,
1131,22/02/05 23:09:36.0,285.242,,,,
1132,22/02/05 23:09:51.0,285.496,,,,
1133,22/02/05 23:10:10.0,285.75,,,,
1134,22/02/05 23:10:30.0,286.004,,,,
1135,22/02/05 23:11:01.0,286.258,,,,
1136,22/02/05 23:11:28.0,286.512,,,,
1137,22/02/05 23:11:49.0,286.766,,,,
1138,22/02/05 23:12:13.0,287.02,,,,
1139,22/02/05 23:12:35.0,287.274,,,,
1140,22/02/05 23:12:52.0,287.528,,,,
1141,22/02/05 23:13:19.0,287.782,,,,
1142,22/02/05 23:13:36.0,288.036,,,,
1143,22/02/05 23:13:57.0,288.29,,,,
1144,22/02/05 23:15:23.0,288.544,,,,
1145,22/02/05 23:16:43.0,288.798,,,,
1146,22/02/05 23:18:23.0,289.052,,,,
1147,22/02/05 23:21:16.0,289.306,,,,
1148,22/02/05 23:21:39.0,289.56,,,,
1149,22/02/05 23:22:08.0,289.814,,,,
1150,22/02/05 23:22:31.0,290.068,,,,
1151,22/02/05 23:22:59.0,290.322,,,,
1152,22/02/05 23:23:30.0,290.576,,,,
1153,22/02/05 23:23:50.0,290.83,,,,
1154,22/02/05 23:24:35.0,291.084,,,,
1155,22/02/05 23:25:17.0,291.338,,,,
1156,22/02/05 23:26:12.0,291.592,,,,
1157,22/02/05 23:27:42.0,291.846,,,,
1158,22/02/05 23:28:20.0,292.1,,,,
1159,22/02/05 23:29:01.0,292.354,,,,
1160,22/02/05 23:29:18.0,292.608,,,,
1161,22/02/05 23:29:38.0,292.862,,,,
1162,22/02/05 23:30:06.0,293.116,,,,
1163,22/02/05 23:30:35.0,293.37,,,,
1164,22/02/05 23:31:39.0,293.624,,,,
1165,22/02/05 23:41:09.0,293.878,,,,
1166,22/02/05 23:42:11.0,294.132,,,,
1167,22/02/05 23:43:34.0,294.386,,,,
1168,22/02/05 23:48:59.0,294.64,,,,
1169,22/02/05 23:51:06.0,294.894,,,,
1170,22/02/05 23:52:20.0,295.148,,,,
1171,22/02/05 23:53:06.0,295.402,,,,
1172,22/02/05 23:53:42.0,295.656,,,,
1173,22/02/05 23:54:38.0,295.91,,,,
1174,22/02/05 23:58:46.0,296.164,,,,
1175,22/02/06 00:14:02.0,296.418,,,,
1176,22/02/06 00:16:16.0,296.672,,,,
1177,22/02/06 00:30:17.0,296.926,,,,
1178,22/02/06 02:08:31.0,297.18,,,,
1179,22/02/06 02:22:19.0,297.434,,,,
1180,22/02/06 03:28:18.0,297.688,,,,
1181,22/02/06 04:04:30.0,297.942,,,,
1182,22/02/06 04:07:02.0,298.196,,,,
1183,22/02/06 04:08:12.0,298.45,,,,
1184,22/02/06 04:11:36.0,298.704,,,,
1185,22/02/06 04:37:02.0,298.958,,,,
1186,22/02/06 04:42:40.0,299.212,,,,
1187,22/02/06 05:00:57.0,299.466,,,,
1188,22/02/06 05:01:42.0,299.72,,,,
1189,22/02/06 05:02:17.0,299.974,,,,
1190,22/02/06 05:20:30.0,300.228,,,,
1191,22/02/06 07:27:38.0,300.482,,,,
1192,22/02/06 08:55:34.0,300.736,,,,
1193,22/02/06 08:59:25.0,300.99,,,,
1194,22/02/06 09:02:56.0,301.244,,,,
1195,22/02/06 09:07:57.0,301.498,,,,
1196,22/02/06 09:09:04.0,301.752,,,,
1197,22/02/06 09:09:33.0,302.006,,,,
1198,22/02/06 09:09:54.0,302.26,,,,
1199,22/02/06 09:10:19.0,302.514,,,,
1200,22/02/06 09:15:56.0,302.768,,,,
1201,22/02/06 09:19:28.0,303.022,,,,
1202,22/02/06 09:21:31.0,303.276,,,,
1203,22/02/06 09:22:19.0,303.53,,,,
1204,22/02/06 09:23:26.0,303.784,,,,
1205,22/02/06 09:24:03.0,304.038,,,,
1206,22/02/06 09:24:21.0,304.292,,,,
1207,22/02/06 09:24:34.0,304.546,,,,
1208,22/02/06 09:25:07.0,304.8,,,,
1209,22/02/06 09:26:09.0,305.054,,,,
1210,22/02/06 09:27:05.0,305.308,,,,
1211,22/02/06 09:28:06.0,305.562,,,,
1212,22/02/06 09:30:01.0,305.816,,,,
1213,22/02/06 09:31:04.0,306.07,,,,
1214,22/02/06 09:34:26.0,306.324,,,,
1215,22/02/06 09:55:13.0,306.578,,,,
1216,22/02/06 09:55:38.0,306.832,,,,
1217,22/02/06 09:57:44.0,307.086,,,,
1218,22/02/06 10:03:17.0,307.34,,,,
1219,22/02/06 10:23:53.0,307.594,,,,
1220,22/02/06 11:40:38.0,307.848,,,,
1221,22/02/06 15:09:50.0,308.102,,,,
1222,22/02/06 18:49:14.0,308.356,,,,
1223,22/02/06 19:40:48.0,308.61,,,,
1224,22/02/06 19:41:53.0,308.864,,,,
1225,22/02/06 19:46:56.0,309.118,,,,
1226,22/02/07 02:08:38.0,309.372,,,,
1227,22/02/07 09:45:52.0,309.626,,,,
1228,22/02/07 10:24:06.0,309.88,,,,
1229,22/02/10 07:53:58.0,,,Logged,,
1230,22/02/10 07:54:47.0,,,,Logged,
1231,22/02/10 07:55:37.0,,Logged,,,
1232,22/02/14 12:03:12.0,310.134,,,,
1233,22/02/14 12:03:34.0,310.388,,,,
1234,22/02/14 12:03:53.0,310.642,,,,
1235,22/02/14 12:04:19.0,310.896,,,,
1236,22/02/14 12:05:26.0,311.15,,,,
1237,22/02/14 12:26:29.0,311.404,,,,
1238,22/02/14 12:26:58.0,311.658,,,,
1239,22/02/14 12:27:33.0,311.912,,,,
1240,22/02/14 19:50:21.0,312.166,,,,
1241,22/02/14 22:29:39.0,312.42,,,,
1242,22/02/14 23:01:22.0,312.674,,,,
1243,22/02/14 23:01:49.0,312.928,,,,
1244,22/02/14 23:04:08.0,313.182,,,,
1245,22/02/14 23:07:08.0,313.436,,,,
1246,22/02/15 00:09:10.0,313.69,,,,
1247,22/02/15 20:11:50.0,313.944,,,,
1248,22/02/15 20:56:17.0,314.198,,,,
1249,22/02/15 21:02:19.0,314.452,,,,
1250,22/02/15 21:06:38.0,314.706,,,,
1251,22/02/15 21:12:54.0,314.96,,,,
1252,22/02/15 22:08:21.0,315.214,,,,
1253,22/02/15 22:36:13.0,315.468,,,,
1254,22/02/15 23:09:53.0,315.722,,,,
1255,22/02/15 23:52:26.0,315.976,,,,
1256,22/02/16 00:08:49.0,316.23,,,,
1257,22/02/16 01:11:20.0,316.484,,,,
1258,22/02/16 01:16:02.0,316.738,,,,
1259,22/02/16 01:26:10.0,316.992,,,,
1260,22/02/16 03:40:05.0,317.246,,,,
1261,22/02/16 04:02:41.0,317.5,,,,
1262,22/02/16 04:10:47.0,317.754,,,,
1263,22/02/16 04:15:30.0,318.008,,,,
1264,22/02/16 04:26:08.0,318.262,,,,
1265,22/02/16 09:22:26.0,318.516,,,,
1266,22/02/17 07:42:28.0,318.77,,,,
1267,22/02/17 08:00:25.0,319.024,,,,
1268,22/02/17 08:04:05.0,319.278,,,,
1269,22/02/17 08:06:54.0,319.532,,,,
1270,22/02/17 08:10:00.0,319.786,,,,
1271,22/02/17 08:12:56.0,320.04,,,,
1272,22/02/17 08:15:54.0,320.294,,,,
1273,22/02/17 08:23:59.0,320.548,,,,
1274,22/02/17 16:43:42.0,320.802,,,,
1275,22/02/17 16:47:30.0,321.056,,,,
1276,22/02/17 16:59:55.0,321.31,,,,
1277,22/02/17 22:16:49.0,321.564,,,,
1278,22/02/17 23:56:11.0,321.818,,,,
1279,22/02/18 02:05:01.0,322.072,,,,
1280,22/02/18 02:07:03.0,322.326,,,,
1281,22/02/18 02:09:34.0,322.58,,,,
1282,22/02/18 07:13:52.0,322.834,,,,
1283,22/02/18 07:43:53.0,323.088,,,,
1284,22/02/18 08:09:41.0,323.342,,,,
1285,22/02/18 09:19:10.0,323.596,,,,
1286,22/02/18 09:20:08.0,323.85,,,,
1287,22/02/18 09:21:18.0,324.104,,,,
1288,22/02/18 10:46:58.0,324.358,,,,
1289,22/03/01 05:55:32.0,324.612,,,,
1290,22/03/01 05:56:03.0,324.866,,,,
1291,22/03/01 05:56:27.0,325.12,,,,
1292,22/03/01 05:56:54.0,325.374,,,,
1293,22/03/01 05:57:34.0,325.628,,,,
1294,22/03/01 05:58:18.0,325.882,,,,
1295,22/03/01 05:58:49.0,326.136,,,,
1296,22/03/01 05:59:28.0,326.39,,,,
1297,22/03/01 06:00:21.0,326.644,,,,
1298,22/03/01 06:01:21.0,326.898,,,,
1299,22/03/01 06:02:57.0,327.152,,,,
1300,22/03/01 06:03:40.0,327.406,,,,
1301,22/03/01 06:04:21.0,327.66,,,,
1302,22/03/01 06:05:16.0,327.914,,,,
1303,22/03/01 06:06:09.0,328.168,,,,
1304,22/03/01 06:07:07.0,328.422,,,,
1305,22/03/01 06:08:05.0,328.676,,,,
1306,22/03/01 06:09:19.0,328.93,,,,
1307,22/03/01 06:10:17.0,329.184,,,,
1308,22/03/01 06:10:57.0,329.438,,,,
1309,22/03/01 06:11:33.0,329.692,,,,
1310,22/03/01 06:12:07.0,329.946,,,,
1311,22/03/01 06:12:43.0,330.2,,,,
1312,22/03/01 06:13:21.0,330.454,,,,
1313,22/03/01 06:13:49.0,330.708,,,,
1314,22/03/01 06:14:31.0,330.962,,,,
1315,22/03/01 06:15:26.0,331.216,,,,
1316,22/03/01 06:16:37.0,331.47,,,,
1317,22/03/01 06:18:01.0,331.724,,,,
1318,22/03/01 06:19:21.0,331.978,,,,
1319,22/03/01 06:19:53.0,332.232,,,,
1320,22/03/01 06:20:19.0,332.486,,,,
1321,22/03/01 06:20:41.0,332.74,,,,
1322,22/03/01 06:21:09.0,332.994,,,,
1323,22/03/01 06:21:38.0,333.248,,,,
1324,22/03/01 06:22:16.0,333.502,,,,
1325,22/03/01 06:23:02.0,333.756,,,,
1326,22/03/01 06:23:58.0,334.01,,,,
1327,22/03/01 06:24:53.0,334.264,,,,
1328,22/03/01 06:26:04.0,334.518,,,,
1329,22/03/01 06:27:05.0,334.772,,,,
1330,22/03/01 06:28:28.0,335.026,,,,
1331,22/03/01 06:31:08.0,335.28,,,,
1332,22/03/01 06:40:04.0,335.534,,,,
1333,22/03/01 06:52:52.0,335.788,,,,
1334,22/03/01 08:14:03.0,336.042,,,,
1335,22/03/01 11:29:10.0,336.296,,,,
1336,22/03/01 11:34:22.0,336.55,,,,
1337,22/03/01 11:36:23.0,336.804,,,,
1338,22/03/01 11:37:55.0,337.058,,,,
1339,22/03/01 11:39:24.0,337.312,,,,
1340,22/03/01 11:41:08.0,337.566,,,,
1341,22/03/01 11:43:09.0,337.82,,,,
1342,22/03/01 11:46:20.0,338.074,,,,
1343,22/03/01 11:49:48.0,338.328,,,,
1344,22/03/01 11:52:59.0,338.582,,,,
1345,22/03/01 11:55:50.0,338.836,,,,
1346,22/03/01 12:17:47.0,339.09,,,,
1347,22/03/05 21:58:49.0,339.344,,,,
1348,22/03/05 22:11:16.0,339.598,,,,
1349,22/03/05 22:25:23.0,339.852,,,,
1350,22/03/05 23:00:17.0,340.106,,,,
1351,22/03/05 23:32:57.0,340.36,,,,
1352,22/03/05 23:37:49.0,340.614,,,,
1353,22/03/05 23:40:42.0,340.868,,,,
1354,22/03/05 23:43:56.0,341.122,,,,
1355,22/03/05 23:48:44.0,341.376,,,,
1356,22/03/05 23:50:43.0,341.63,,,,
1357,22/03/05 23:52:09.0,341.884,,,,
1358,22/03/05 23:53:35.0,342.138,,,,
1359,22/03/05 23:55:50.0,342.392,,,,
1360,22/03/05 23:58:24.0,342.646,,,,
1361,22/03/06 00:04:02.0,342.9,,,,
1362,22/03/06 00:23:00.0,343.154,,,,
1363,22/03/06 00:55:45.0,343.408,,,,
1364,22/03/06 01:20:31.0,343.662,,,,
1365,22/03/06 01:33:44.0,343.916,,,,
1366,22/03/06 01:44:26.0,344.17,,,,
1367,22/03/06 01:57:01.0,344.424,,,,
1368,22/03/06 02:04:09.0,344.678,,,,
1369,22/03/06 02:11:33.0,344.932,,,,
1370,22/03/06 02:37:12.0,345.186,,,,
1371,22/03/06 03:03:51.0,345.44,,,,
1372,22/03/06 03:12:39.0,345.694,,,,
1373,22/03/06 03:14:30.0,345.948,,,,
1374,22/03/06 04:58:38.0,346.202,,,,
1375,22/03/06 05:12:38.0,346.456,,,,
1376,22/03/06 05:16:38.0,346.71,,,,
1377,22/03/06 05:18:56.0,346.964,,,,
1378,22/03/06 05:30:54.0,347.218,,,,
1379,22/03/06 05:35:31.0,347.472,,,,
1380,22/03/06 05:47:34.0,347.726,,,,
1381,22/03/06 05:54:15.0,347.98,,,,
1382,22/03/06 05:57:45.0,348.234,,,,
1383,22/03/06 06:01:25.0,348.488,,,,
1384,22/03/06 06:34:18.0,348.742,,,,
1385,22/03/06 06:49:20.0,348.996,,,,
1386,22/03/06 06:52:30.0,349.25,,,,
1387,22/03/06 06:56:13.0,349.504,,,,
1388,22/03/06 07:07:45.0,349.758,,,,
1389,22/03/10 17:19:43.0,,,Logged,,
1390,22/03/10 17:19:46.0,,,,Logged,
1391,22/03/10 17:20:21.0,,Logged,,,
1392,22/03/11 00:27:56.0,350.012,,,,
1393,22/03/11 01:22:00.0,350.266,,,,
1394,22/03/11 01:27:42.0,350.52,,,,
1395,22/03/11 01:33:27.0,350.774,,,,
1396,22/03/11 01:40:16.0,351.028,,,,
1397,22/03/11 01:47:01.0,351.282,,,,
1398,22/03/11 01:57:18.0,351.536,,,,
1399,22/03/11 04:09:04.0,351.79,,,,
1400,22/03/11 04:12:09.0,352.044,,,,
1401,22/03/11 04:14:45.0,352.298,,,,
1402,22/03/11 04:16:25.0,352.552,,,,
1403,22/03/11 04:17:22.0,352.806,,,,
1404,22/03/11 04:18:09.0,353.06,,,,
1405,22/03/11 04:19:27.0,353.314,,,,
1406,22/03/11 04:20:07.0,353.568,,,,
1407,22/03/11 04:20:43.0,353.822,,,,
1408,22/03/11 04:21:12.0,354.076,,,,
1409,22/03/11 04:21:46.0,354.33,,,,
1410,22/03/11 04:22:20.0,354.584,,,,
1411,22/03/11 04:23:03.0,354.838,,,,
1412,22/03/11 04:23:47.0,355.092,,,,
1413,22/03/11 04:24:31.0,355.346,,,,
1414,22/03/11 04:25:09.0,355.6,,,,
1415,22/03/11 04:25:54.0,355.854,,,,
1416,22/03/11 04:26:34.0,356.108,,,,
1417,22/03/11 04:27:20.0,356.362,,,,
1418,22/03/11 04:28:21.0,356.616,,,,
1419,22/03/11 04:30:13.0,356.87,,,,
1420,22/03/11 04:31:50.0,357.124,,,,
1421,22/03/11 04:33:19.0,357.378,,,,
1422,22/03/11 04:34:42.0,357.632,,,,
1423,22/03/11 04:37:16.0,357.886,,,,
1424,22/03/11 05:00:57.0,358.14,,,,
1425,22/03/12 10:23:54.0,358.394,,,,
1426,22/03/15 01:47:40.0,358.648,,,,
1427,22/03/15 01:53:37.0,358.902,,,,
1428,22/03/15 01:57:31.0,359.156,,,,
1429,22/03/15 02:29:04.0,359.41,,,,
1430,22/03/15 02:35:10.0,359.664,,,,
1431,22/03/15 02:39:52.0,359.918,,,,
1432,22/03/15 02:44:39.0,360.172,,,,
1433,22/03/15 02:46:42.0,360.426,,,,
1434,22/03/15 02:47:42.0,360.68,,,,
1435,22/03/15 02:48:49.0,360.934,,,,
1436,22/03/15 02:49:31.0,361.188,,,,
1437,22/03/15 02:50:21.0,361.442,,,,
1438,22/03/15 02:50:59.0,361.696,,,,
1439,22/03/15 02:51:43.0,361.95,,,,
1440,22/03/15 02:52:24.0,362.204,,,,
1441,22/03/15 02:53:19.0,362.458,,,,
1442,22/03/15 02:54:04.0,362.712,,,,
1443,22/03/15 02:54:52.0,362.966,,,,
1444,22/03/15 02:55:24.0,363.22,,,,
1445,22/03/15 02:56:08.0,363.474,,,,
1446,22/03/15 02:56:48.0,363.728,,,,
1447,22/03/15 02:57:32.0,363.982,,,,
1448,22/03/15 02:58:05.0,364.236,,,,
1449,22/03/15 02:58:44.0,364.49,,,,
1450,22/03/15 02:59:14.0,364.744,,,,
1451,22/03/15 02:59:56.0,364.998,,,,
1452,22/03/15 03:00:28.0,365.252,,,,
1453,22/03/15 03:01:12.0,365.506,,,,
1454,22/03/15 03:01:53.0,365.76,,,,
1455,22/03/15 03:02:44.0,366.014,,,,
1456,22/03/15 03:03:28.0,366.268,,,,
1457,22/03/15 03:04:22.0,366.522,,,,
1458,22/03/15 03:05:10.0,366.776,,,,
1459,22/03/15 03:06:18.0,367.03,,,,
1460,22/03/15 03:07:30.0,367.284,,,,
1461,22/03/15 03:09:04.0,367.538,,,,
1462,22/03/15 03:10:37.0,367.792,,,,
1463,22/03/15 03:13:13.0,368.046,,,,
1464,22/03/15 03:15:20.0,368.3,,,,
1465,22/03/15 03:17:18.0,368.554,,,,
1466,22/03/15 03:19:44.0,368.808,,,,
1467,22/03/15 03:24:09.0,369.062,,,,
1468,22/03/15 03:28:46.0,369.316,,,,
1469,22/03/15 03:33:57.0,369.57,,,,
1470,22/03/15 03:39:07.0,369.824,,,,
1471,22/03/15 03:43:09.0,370.078,,,,
1472,22/03/15 03:46:56.0,370.332,,,,
1473,22/03/15 03:53:08.0,370.586,,,,
1474,22/03/15 03:58:19.0,370.84,,,,
1475,22/03/15 04:04:22.0,371.094,,,,
1476,22/03/15 04:08:52.0,371.348,,,,
1477,22/03/15 04:14:42.0,371.602,,,,
1478,22/03/15 04:16:43.0,371.856,,,,
1479,22/03/15 04:19:48.0,372.11,,,,
1480,22/03/15 04:24:23.0,372.364,,,,
1481,22/03/15 04:44:57.0,372.618,,,,
1482,22/03/15 04:51:56.0,372.872,,,,
1483,22/03/15 05:00:01.0,373.126,,,,
1484,22/03/15 05:04:34.0,373.38,,,,
1485,22/03/15 05:08:19.0,373.634,,,,
1486,22/03/15 05:17:39.0,373.888,,,,
1487,22/03/15 06:48:26.0,374.142,,,,
1488,22/03/15 07:03:05.0,374.396,,,,
1489,22/03/15 07:11:43.0,374.65,,,,
1490,22/03/15 07:19:42.0,374.904,,,,
1491,22/03/15 07:32:51.0,375.158,,,,
1492,22/03/15 08:22:06.0,375.412,,,,
1493,22/03/15 08:32:40.0,375.666,,,,
1494,22/03/15 08:43:53.0,375.92,,,,
1495,22/03/15 08:51:17.0,376.174,,,,
1496,22/03/15 08:53:06.0,376.428,,,,
1497,22/03/15 08:54:10.0,376.682,,,,
1498,22/03/15 08:54:57.0,376.936,,,,
1499,22/03/15 08:56:00.0,377.19,,,,
1500,22/03/15 08:57:06.0,377.444,,,,
1501,22/03/15 08:58:22.0,377.698,,,,
1502,22/03/15 08:59:06.0,377.952,,,,
1503,22/03/15 08:59:50.0,378.206,,,,
1504,22/03/15 09:00:42.0,378.46,,,,
1505,22/03/15 09:01:45.0,378.714,,,,
1506,22/03/15 09:02:51.0,378.968,,,,
1507,22/03/15 09:04:08.0,379.222,,,,
1508,22/03/15 09:04:55.0,379.476,,,,
1509,22/03/15 09:05:51.0,379.73,,,,
1510,22/03/15 09:06:48.0,379.984,,,,
1511,22/03/15 09:07:53.0,380.238,,,,
1512,22/03/15 09:09:03.0,380.492,,,,
1513,22/03/15 09:10:50.0,380.746,,,,
1514,22/03/15 09:12:29.0,381,,,,
1515,22/03/15 09:14:55.0,381.254,,,,
1516,22/03/15 09:16:51.0,381.508,,,,
1517,22/03/15 09:19:07.0,381.762,,,,
1518,22/03/15 09:20:41.0,382.016,,,,
1519,22/03/15 09:22:52.0,382.27,,,,
1520,22/03/15 09:25:59.0,382.524,,,,
1521,22/03/15 09:31:28.0,382.778,,,,
1522,22/03/15 09:36:54.0,383.032,,,,
1523,22/03/15 09:59:43.0,383.286,,,,
1524,22/03/15 10:05:43.0,383.54,,,,
1525,22/03/15 10:11:49.0,383.794,,,,
1526,22/03/15 10:21:44.0,384.048,,,,
1527,22/03/15 11:11:07.0,384.302,,,,
1528,22/03/15 11:14:54.0,384.556,,,,
1529,22/03/15 11:23:21.0,384.81,,,,
1530,22/03/15 11:40:39.0,385.064,,,,
1531,22/03/15 11:49:24.0,385.318,,,,
1532,22/03/15 11:58:22.0,385.572,,,,
1533,22/03/15 12:08:05.0,385.826,,,,
1534,22/03/15 12:14:22.0,386.08,,,,
1535,22/03/15 12:20:58.0,386.334,,,,
1536,22/03/15 12:26:12.0,386.588,,,,
1537,22/03/15 12:31:50.0,386.842,,,,
1538,22/03/15 12:36:59.0,387.096,,,,
1539,22/03/15 12:44:04.0,387.35,,,,
1540,22/03/15 12:55:29.0,387.604,,,,
1541,22/03/15 13:20:01.0,387.858,,,,
1542,22/03/15 13:47:53.0,388.112,,,,
1543,22/03/15 15:10:39.0,388.366,,,,
1544,22/03/15 15:39:48.0,388.62,,,,
1545,22/03/15 16:06:08.0,388.874,,,,
1546,22/03/15 16:16:40.0,389.128,,,,
1547,22/03/15 16:22:39.0,389.382,,,,
1548,22/03/15 16:43:25.0,389.636,,,,
1549,22/03/15 18:33:49.0,389.89,,,,
1550,22/03/16 05:51:29.0,390.144,,,,
1551,22/03/17 05:53:12.0,390.398,,,,
1552,22/03/17 06:05:12.0,390.652,,,,
1553,22/03/17 06:13:18.0,390.906,,,,
1554,22/03/17 06:21:47.0,391.16,,,,
1555,22/03/17 06:27:42.0,391.414,,,,
1556,22/03/17 09:30:36.0,391.668,,,,
1557,22/03/24 20:18:10.0,391.922,,,,
1558,22/03/24 20:18:19.0,392.176,,,,
1559,22/03/24 20:18:35.0,392.43,,,,
1560,22/03/24 20:18:54.0,392.684,,,,
1561,22/03/24 20:19:12.0,392.938,,,,
1562,22/03/24 20:19:26.0,393.192,,,,
1563,22/03/24 20:19:45.0,393.446,,,,
1564,22/03/24 20:20:06.0,393.7,,,,
1565,22/03/24 20:20:52.0,393.954,,,,
1566,22/03/24 20:21:22.0,394.208,,,,
1567,22/03/24 20:22:00.0,394.462,,,,
1568,22/03/24 20:22:17.0,394.716,,,,
1569,22/03/24 20:23:06.0,394.97,,,,
1570,22/03/24 20:23:45.0,395.224,,,,
1571,22/03/24 20:24:55.0,395.478,,,,
1572,22/03/24 20:25:46.0,395.732,,,,
1573,22/03/24 20:26:51.0,395.986,,,,
1574,22/03/24 20:27:23.0,396.24,,,,
1575,22/03/24 20:27:58.0,396.494,,,,
1576,22/03/24 20:28:28.0,396.748,,,,
1577,22/03/24 20:29:13.0,397.002,,,,
1578,22/03/24 20:29:53.0,397.256,,,,
1579,22/03/24 20:30:47.0,397.51,,,,
1580,22/03/24 20:31:11.0,397.764,,,,
1581,22/03/24 20:31:35.0,398.018,,,,
1582,22/03/24 20:31:51.0,398.272,,,,
1583,22/03/24 20:32:09.0,398.526,,,,
1584,22/03/24 20:32:19.0,398.78,,,,
1585,22/03/24 20:32:35.0,399.034,,,,
1586,22/03/24 20:32:47.0,399.288,,,,
1587,22/03/24 20:33:02.0,399.542,,,,
1588,22/03/24 20:33:15.0,399.796,,,,
1589,22/03/24 20:33:32.0,400.05,,,,
1590,22/03/24 20:33:49.0,400.304,,,,
1591,22/03/24 20:34:17.0,400.558,,,,
1592,22/03/24 20:34:37.0,400.812,,,,
1593,22/03/24 20:35:09.0,401.066,,,,
1594,22/03/24 20:35:33.0,401.32,,,,
1595,22/03/24 20:36:21.0,401.574,,,,
1596,22/03/24 20:37:24.0,401.828,,,,
1597,22/03/24 20:42:51.0,402.082,,,,
1598,22/03/24 20:43:45.0,402.336,,,,
1599,22/03/24 20:44:49.0,402.59,,,,
1600,22/03/24 20:45:51.0,402.844,,,,
1601,22/03/24 20:46:30.0,403.098,,,,
1602,22/03/24 20:46:50.0,403.352,,,,
1603,22/03/24 20:47:21.0,403.606,,,,
1604,22/03/24 20:48:04.0,403.86,,,,
1605,22/03/24 20:53:08.0,404.114,,,,
1606,22/03/24 21:05:12.0,404.368,,,,
1607,22/03/24 23:57:58.0,404.622,,,,
1608,22/03/25 02:13:06.0,404.876,,,,
1609,22/03/28 01:56:53.0,405.13,,,,
1610,22/03/28 02:26:08.0,405.384,,,,
1611,22/03/28 02:28:23.0,405.638,,,,
1612,22/03/28 02:31:09.0,405.892,,,,
1613,22/03/28 04:01:35.0,406.146,,,,
1614,22/03/28 04:02:40.0,406.4,,,,
1615,22/03/28 04:04:42.0,406.654,,,,
1616,22/03/28 04:05:05.0,406.908,,,,
1617,22/03/28 04:05:41.0,407.162,,,,
1618,22/03/28 04:06:03.0,407.416,,,,
1619,22/03/28 04:06:38.0,407.67,,,,
1620,22/03/28 04:07:28.0,407.924,,,,
1621,22/03/28 06:43:01.0,408.178,,,,
1622,22/04/02 21:15:49.0,408.432,,,,
1623,22/04/07 08:56:01.0,408.686,,,,
1624,22/04/07 08:57:49.0,408.94,,,,
1625,22/04/07 09:06:21.0,409.194,,,,
1626,22/04/07 17:38:04.0,409.448,,,,
1627,22/04/07 21:46:30.0,409.702,,,,
1628,22/04/07 21:55:46.0,409.956,,,,
1629,22/04/07 22:13:17.0,410.21,,,,
1630,22/04/07 22:24:05.0,410.464,,,,
1631,22/04/07 23:22:04.0,410.718,,,,
1632,22/04/07 23:23:50.0,410.972,,,,
1633,22/04/07 23:42:14.0,411.226,,,,
1634,22/04/07 23:54:34.0,411.48,,,,
1635,22/04/08 02:18:33.0,411.734,,,,
1636,22/04/08 21:02:42.0,411.988,,,,
1637,22/04/08 21:04:41.0,412.242,,,,
1638,22/04/08 21:05:30.0,412.496,,,,
1639,22/04/08 21:07:35.0,412.75,,,,
1640,22/04/08 21:11:20.0,413.004,,,,
1641,22/04/08 21:16:04.0,413.258,,,,
1642,22/04/08 21:16:50.0,413.512,,,,
1643,22/04/08 21:17:44.0,413.766,,,,
1644,22/04/08 21:19:03.0,414.02,,,,
1645,22/04/08 21:20:29.0,414.274,,,,
1646,22/04/08 21:22:00.0,414.528,,,,
1647,22/04/08 21:26:20.0,414.782,,,,
1648,22/04/08 21:29:38.0,415.036,,,,
1649,22/04/08 21:33:59.0,415.29,,,,
1650,22/04/08 21:36:01.0,415.544,,,,
1651,22/04/08 21:38:10.0,415.798,,,,
1652,22/04/08 21:38:59.0,416.052,,,,
1653,22/04/08 21:40:07.0,416.306,,,,
1654,22/04/08 21:41:05.0,416.56,,,,
1655,22/04/08 21:43:05.0,416.814,,,,
1656,22/04/08 21:44:45.0,417.068,,,,
1657,22/04/08 21:47:32.0,417.322,,,,
1658,22/04/08 21:49:33.0,417.576,,,,
1659,22/04/08 21:52:24.0,417.83,,,,
1660,22/04/08 21:54:25.0,418.084,,,,
1661,22/04/08 21:57:38.0,418.338,,,,
1662,22/04/08 22:00:32.0,418.592,,,,
1663,22/04/08 22:04:45.0,418.846,,,,
1664,22/04/08 22:08:31.0,419.1,,,,
1665,22/04/08 22:17:05.0,419.354,,,,
1666,22/04/08 22:28:08.0,419.608,,,,
1667,22/04/08 23:30:36.0,419.862,,,,
1668,22/04/08 23:33:32.0,420.116,,,,
1669,22/04/08 23:35:17.0,420.37,,,,
1670,22/04/08 23:36:45.0,420.624,,,,
1671,22/04/08 23:38:02.0,420.878,,,,
1672,22/04/08 23:39:15.0,421.132,,,,
1673,22/04/08 23:42:39.0,421.386,,,,
1674,22/04/08 23:44:20.0,421.64,,,,
1675,22/04/08 23:45:33.0,421.894,,,,
1676,22/04/08 23:46:16.0,422.148,,,,
1677,22/04/08 23:47:17.0,422.402,,,,
1678,22/04/08 23:48:04.0,422.656,,,,
1679,22/04/08 23:48:49.0,422.91,,,,
1680,22/04/08 23:49:23.0,423.164,,,,
1681,22/04/08 23:50:02.0,423.418,,,,
1682,22/04/08 23:50:27.0,423.672,,,,
1683,22/04/08 23:51:00.0,423.926,,,,
1684,22/04/08 23:51:23.0,424.18,,,,
1685,22/04/08 23:51:49.0,424.434,,,,
1686,22/04/08 23:52:11.0,424.688,,,,
1687,22/04/08 23:52:59.0,424.942,,,,
1688,22/04/08 23:53:41.0,425.196,,,,
1689,22/04/08 23:54:38.0,425.45,,,,
1690,22/04/08 23:55:12.0,425.704,,,,
1691,22/04/08 23:56:04.0,425.958,,,,
1692,22/04/08 23:56:42.0,426.212,,,,
1693,22/04/08 23:57:26.0,426.466,,,,
1694,22/04/08 23:58:01.0,426.72,,,,
1695,22/04/08 23:59:01.0,426.974,,,,
1696,22/04/08 23:59:56.0,427.228,,,,
1697,22/04/09 00:01:27.0,427.482,,,,
1698,22/04/09 00:02:18.0,427.736,,,,
1699,22/04/09 00:02:53.0,427.99,,,,
1700,22/04/09 00:03:38.0,428.244,,,,
1701,22/04/09 00:04:43.0,428.498,,,,
1702,22/04/09 00:05:13.0,428.752,,,,
1703,22/04/09 00:05:44.0,429.006,,,,
1704,22/04/09 00:05:59.0,429.26,,,,
1705,22/04/09 00:06:19.0,429.514,,,,
1706,22/04/09 00:06:35.0,429.768,,,,
1707,22/04/09 00:06:56.0,430.022,,,,
1708,22/04/09 00:07:19.0,430.276,,,,
1709,22/04/09 00:07:38.0,430.53,,,,
1710,22/04/09 00:07:52.0,430.784,,,,
1711,22/04/09 00:08:10.0,431.038,,,,
1712,22/04/09 00:08:21.0,431.292,,,,
1713,22/04/09 00:08:34.0,431.546,,,,
1714,22/04/09 00:08:46.0,431.8,,,,
1715,22/04/09 00:09:14.0,432.054,,,,
1716,22/04/09 00:09:52.0,432.308,,,,
1717,22/04/09 00:10:47.0,432.562,,,,
1718,22/04/09 00:11:21.0,432.816,,,,
1719,22/04/09 00:12:04.0,433.07,,,,
1720,22/04/09 00:12:48.0,433.324,,,,
1721,22/04/09 00:13:27.0,433.578,,,,
1722,22/04/09 00:13:49.0,433.832,,,,
1723,22/04/09 00:14:10.0,434.086,,,,
1724,22/04/09 00:14:24.0,434.34,,,,
1725,22/04/09 00:15:02.0,434.594,,,,
1726,22/04/09 00:15:37.0,434.848,,,,
1727,22/04/09 00:16:20.0,435.102,,,,
1728,22/04/09 00:16:58.0,435.356,,,,
1729,22/04/09 00:18:14.0,435.61,,,,
1730,22/04/09 00:18:59.0,435.864,,,,
1731,22/04/09 00:21:02.0,436.118,,,,
1732,22/04/09 00:22:54.0,436.372,,,,
1733,22/04/09 00:24:58.0,436.626,,,,
1734,22/04/09 00:26:44.0,436.88,,,,
1735,22/04/09 00:28:11.0,437.134,,,,
1736,22/04/09 00:29:40.0,437.388,,,,
1737,22/04/09 00:30:54.0,437.642,,,,
1738,22/04/09 00:32:18.0,437.896,,,,
1739,22/04/09 00:34:03.0,438.15,,,,
1740,22/04/09 00:36:54.0,438.404,,,,
1741,22/04/09 00:40:04.0,438.658,,,,
1742,22/04/09 00:42:21.0,438.912,,,,
1743,22/04/09 00:46:57.0,439.166,,,,
1744,22/04/09 00:51:28.0,439.42,,,,
1745,22/04/09 01:36:25.0,439.674,,,,
1746,22/04/09 01:41:15.0,439.928,,,,
1747,22/04/09 03:16:30.0,440.182,,,,
1748,22/04/09 03:35:31.0,440.436,,,,
1749,22/04/09 03:51:33.0,440.69,,,,
1750,22/04/09 04:09:48.0,440.944,,,,
1751,22/04/09 04:19:10.0,441.198,,,,
1752,22/04/09 04:20:12.0,441.452,,,,
1753,22/04/09 04:21:30.0,441.706,,,,
1754,22/04/09 04:22:27.0,441.96,,,,
1755,22/04/09 04:26:54.0,442.214,,,,
1756,22/04/09 04:53:37.0,442.468,,,,
1757,22/04/09 07:48:56.0,442.722,,,,
1758,22/04/09 16:15:04.0,442.976,,,,
1759,22/04/09 19:59:35.0,443.23,,,,
1760,22/04/09 21:20:48.0,443.484,,,,
1761,22/04/09 21:22:56.0,443.738,,,,
1762,22/04/09 21:23:18.0,443.992,,,,
1763,22/04/09 21:23:52.0,444.246,,,,
1764,22/04/09 21:24:27.0,444.5,,,,
1765,22/04/09 21:25:17.0,444.754,,,,
1766,22/04/09 21:25:46.0,445.008,,,,
1767,22/04/09 21:26:17.0,445.262,,,,
1768,22/04/09 21:26:45.0,445.516,,,,
1769,22/04/09 21:27:20.0,445.77,,,,
1770,22/04/09 21:28:02.0,446.024,,,,
1771,22/04/09 21:29:14.0,446.278,,,,
1772,22/04/09 21:30:17.0,446.532,,,,
1773,22/04/09 21:32:12.0,446.786,,,,
1774,22/04/09 21:43:54.0,447.04,,,,
1775,22/04/10 03:49:54.0,447.294,,,,
1776,22/04/10 03:51:35.0,447.548,,,,
1777,22/04/10 03:55:46.0,447.802,,,,
1778,22/04/10 04:17:46.0,448.056,,,,
1779,22/04/10 04:24:43.0,448.31,,,,
1780,22/04/10 04:51:36.0,448.564,,,,
1781,22/04/10 04:51:51.0,448.818,,,,
1782,22/04/10 04:52:01.0,449.072,,,,
1783,22/04/10 04:52:51.0,449.326,,,,
1784,22/04/10 04:58:04.0,449.58,,,,
1785,22/04/10 12:53:30.0,449.834,,,,
1786,22/04/10 15:11:01.0,450.088,,,,
1787,22/04/10 16:41:06.0,450.342,,,,
1788,22/04/10 16:42:45.0,450.596,,,,
1789,22/04/10 16:49:28.0,450.85,,,,
1790,22/04/10 16:50:17.0,451.104,,,,
1791,22/04/10 16:51:18.0,451.358,,,,
1792,22/04/10 16:52:01.0,451.612,,,,
1793,22/04/10 16:52:27.0,451.866,,,,
1794,22/04/10 16:52:46.0,452.12,,,,
1795,22/04/10 16:53:02.0,452.374,,,,
1796,22/04/10 16:53:20.0,452.628,,,,
1797,22/04/10 16:54:00.0,452.882,,,,
1798,22/04/10 16:55:08.0,453.136,,,,
1799,22/04/10 16:57:51.0,453.39,,,,
1800,22/04/10 17:03:37.0,453.644,,,,
1801,22/04/10 17:19:30.0,453.898,,,,
1802,22/04/10 17:22:40.0,454.152,,,,
1803,22/04/10 17:24:34.0,454.406,,,,
1804,22/04/10 17:26:11.0,454.66,,,,
1805,22/04/10 18:30:09.0,454.914,,,,
1806,22/04/10 18:31:06.0,455.168,,,,
1807,22/04/10 18:31:38.0,455.422,,,,
1808,22/04/10 18:32:01.0,455.676,,,,
1809,22/04/10 18:32:29.0,455.93,,,,
1810,22/04/10 18:32:43.0,456.184,,,,
1811,22/04/10 18:33:05.0,456.438,,,,
1812,22/04/10 18:33:25.0,456.692,,,,
1813,22/04/10 18:34:13.0,456.946,,,,
1814,22/04/10 18:34:36.0,457.2,,,,
1815,22/04/10 18:35:07.0,457.454,,,,
1816,22/04/10 18:42:55.0,457.708,,,,
1817,22/04/10 18:53:55.0,457.962,,,,
1818,22/04/10 18:54:52.0,458.216,,,,
1819,22/04/10 18:56:29.0,458.47,,,,
1820,22/04/10 18:57:08.0,458.724,,,,
1821,22/04/10 18:58:24.0,458.978,,,,
1822,22/04/10 18:59:48.0,459.232,,,,
1823,22/04/10 19:09:07.0,459.486,,,,
1824,22/04/10 19:10:11.0,459.74,,,,
1825,22/04/10 19:25:40.0,459.994,,,,
1826,22/04/10 19:29:19.0,460.248,,,,
1827,22/04/10 19:32:01.0,460.502,,,,
1828,22/04/10 19:39:28.0,460.756,,,,
1829,22/04/10 19:39:42.0,461.01,,,,
1830,22/04/10 19:39:49.0,461.264,,,,
1831,22/04/10 19:40:01.0,461.518,,,,
1832,22/04/10 19:40:09.0,461.772,,,,
1833,22/04/10 19:40:19.0,462.026,,,,
1834,22/04/10 19:40:27.0,462.28,,,,
1835,22/04/10 19:40:39.0,462.534,,,,
1836,22/04/10 19:40:54.0,462.788,,,,
1837,22/04/10 19:41:32.0,463.042,,,,
1838,22/04/10 19:42:00.0,463.296,,,,
1839,22/04/10 19:42:48.0,463.55,,,,
1840,22/04/10 19:43:28.0,463.804,,,,
1841,22/04/10 19:44:27.0,464.058,,,,
1842,22/04/10 19:45:55.0,464.312,,,,
1843,22/04/10 19:48:14.0,464.566,,,,
1844,22/04/10 19:49:12.0,464.82,,,,
1845,22/04/10 19:50:36.0,465.074,,,,
1846,22/04/10 19:52:03.0,465.328,,,,
1847,22/04/10 20:02:24.0,465.582,,,,
1848,22/04/10 20:13:13.0,465.836,,,,
1849,22/04/10 20:18:59.0,466.09,,,,
1850,22/04/10 20:20:47.0,466.344,,,,
1851,22/04/10 20:24:37.0,466.598,,,,
1852,22/04/10 20:26:22.0,466.852,,,,
1853,22/04/10 20:27:16.0,467.106,,,,
1854,22/04/10 20:27:52.0,467.36,,,,
1855,22/04/10 20:28:16.0,467.614,,,,
1856,22/04/10 20:28:35.0,467.868,,,,
1857,22/04/10 20:29:29.0,468.122,,,,
1858,22/04/10 20:29:40.0,468.376,,,,
1859,22/04/10 20:29:54.0,468.63,,,,
1860,22/04/10 20:30:06.0,468.884,,,,
1861,22/04/10 20:30:17.0,469.138,,,,
1862,22/04/10 20:30:27.0,469.392,,,,
1863,22/04/10 20:30:41.0,469.646,,,,
1864,22/04/10 20:30:52.0,469.9,,,,
1865,22/04/10 20:31:07.0,470.154,,,,
1866,22/04/10 20:31:19.0,470.408,,,,
1867,22/04/10 20:31:45.0,470.662,,,,
1868,22/04/10 20:32:09.0,470.916,,,,
1869,22/04/10 20:32:37.0,471.17,,,,
1870,22/04/10 20:33:06.0,471.424,,,,
1871,22/04/10 20:33:37.0,471.678,,,,
1872,22/04/10 20:33:53.0,471.932,,,,
1873,22/04/10 20:34:14.0,472.186,,,,
1874,22/04/10 20:34:35.0,472.44,,,,
1875,22/04/10 20:35:22.0,472.694,,,,
1876,22/04/10 20:36:10.0,472.948,,,,
1877,22/04/10 20:37:14.0,473.202,,,,
1878,22/04/10 20:37:50.0,473.456,,,,
1879,22/04/10 20:38:22.0,473.71,,,,
1880,22/04/10 20:38:41.0,473.964,,,,
1881,22/04/10 20:39:02.0,474.218,,,,
1882,22/04/10 20:39:15.0,474.472,,,,
1883,22/04/10 20:39:39.0,474.726,,,,
1884,22/04/10 20:40:02.0,474.98,,,,
1885,22/04/10 20:40:34.0,475.234,,,,
1886,22/04/10 20:40:56.0,475.488,,,,
1887,22/04/10 20:41:10.0,475.742,,,,
1888,22/04/10 20:41:19.0,475.996,,,,
1889,22/04/10 20:41:33.0,476.25,,,,
1890,22/04/10 20:41:45.0,476.504,,,,
1891,22/04/10 20:41:58.0,476.758,,,,
1892,22/04/10 20:42:07.0,477.012,,,,
1893,22/04/10 20:42:20.0,477.266,,,,
1894,22/04/10 20:42:29.0,477.52,,,,
1895,22/04/10 20:42:46.0,477.774,,,,
1896,22/04/10 20:43:02.0,478.028,,,,
1897,22/04/10 20:43:28.0,478.282,,,,
1898,22/04/10 20:43:41.0,478.536,,,,
1899,22/04/10 20:43:56.0,478.79,,,,
1900,22/04/10 20:44:08.0,479.044,,,,
1901,22/04/10 20:44:23.0,479.298,,,,
1902,22/04/10 20:44:33.0,479.552,,,,
1903,22/04/10 20:44:47.0,479.806,,,,
1904,22/04/10 20:45:02.0,480.06,,,,
1905,22/04/10 20:45:25.0,480.314,,,,
1906,22/04/10 20:45:36.0,480.568,,,,
1907,22/04/10 20:45:56.0,480.822,,,,
1908,22/04/10 20:46:13.0,481.076,,,,
1909,22/04/10 20:46:36.0,481.33,,,,
1910,22/04/10 20:46:51.0,481.584,,,,
1911,22/04/10 20:47:07.0,481.838,,,,
1912,22/04/10 20:47:24.0,482.092,,,,
1913,22/04/10 20:47:50.0,482.346,,,,
1914,22/04/10 20:48:11.0,482.6,,,,
1915,22/04/10 20:48:42.0,482.854,,,,
1916,22/04/10 20:49:00.0,483.108,,,,
1917,22/04/10 20:49:36.0,483.362,,,,
1918,22/04/10 20:50:20.0,483.616,,,,
1919,22/04/10 20:51:10.0,483.87,,,,
1920,22/04/10 20:51:29.0,484.124,,,,
1921,22/04/10 20:51:50.0,484.378,,,,
1922,22/04/10 20:52:03.0,484.632,,,,
1923,22/04/10 20:52:19.0,484.886,,,,
1924,22/04/10 20:52:31.0,485.14,,,,
1925,22/04/10 20:53:01.0,485.394,,,,
1926,22/04/10 20:53:31.0,485.648,,,,
1927,22/04/10 20:55:21.0,485.902,,,,
1928,22/04/10 20:57:00.0,486.156,,,,
1929,22/04/10 21:03:17.0,486.41,,,,
1930,22/04/10 21:04:43.0,486.664,,,,
1931,22/04/10 21:06:13.0,486.918,,,,
1932,22/04/10 21:10:25.0,487.172,,,,
1933,22/04/10 21:12:51.0,487.426,,,,
1934,22/04/10 21:13:09.0,487.68,,,,
1935,22/04/10 21:13:36.0,487.934,,,,
1936,22/04/10 21:14:09.0,488.188,,,,
1937,22/04/10 21:16:30.0,488.442,,,,
1938,22/04/10 21:21:44.0,488.696,,,,
1939,22/04/10 22:30:29.0,488.95,,,,
1940,22/04/10 22:32:33.0,489.204,,,,
1941,22/04/10 22:59:06.0,489.458,,,,
1942,22/04/10 23:04:04.0,489.712,,,,
1943,22/04/10 23:17:23.0,489.966,,,,
1944,22/04/10 23:24:26.0,490.22,,,,
1945,22/04/10 23:27:36.0,490.474,,,,
1946,22/04/10 23:29:19.0,490.728,,,,
1947,22/04/10 23:32:23.0,490.982,,,,
1948,22/04/10 23:34:40.0,491.236,,,,
1949,22/04/10 23:36:24.0,491.49,,,,
1950,22/04/10 23:37:05.0,491.744,,,,
1951,22/04/10 23:38:02.0,491.998,,,,
1952,22/04/10 23:38:53.0,492.252,,,,
1953,22/04/10 23:39:58.0,492.506,,,,
1954,22/04/10 23:41:09.0,492.76,,,,
1955,22/04/10 23:43:02.0,493.014,,,,
1956,22/04/10 23:45:32.0,493.268,,,,
1957,22/04/10 23:51:15.0,493.522,,,,
1958,22/04/10 23:56:50.0,493.776,,,,
1959,22/04/11 00:00:12.0,494.03,,,,
1960,22/04/11 00:04:45.0,494.284,,,,
1961,22/04/11 00:09:12.0,494.538,,,,
1962,22/04/11 00:14:01.0,494.792,,,,
1963,22/04/11 00:24:16.0,495.046,,,,
1964,22/04/11 00:29:51.0,495.3,,,,
1965,22/04/11 00:33:43.0,495.554,,,,
1966,22/04/11 00:57:17.0,495.808,,,,
1967,22/04/11 01:06:18.0,496.062,,,,
1968,22/04/11 01:07:49.0,496.316,,,,
1969,22/04/11 01:11:37.0,496.57,,,,
1970,22/04/11 01:14:02.0,496.824,,,,
1971,22/04/11 01:17:51.0,497.078,,,,
1972,22/04/11 01:19:07.0,497.332,,,,
1973,22/04/11 01:19:46.0,497.586,,,,
1974,22/04/11 01:20:33.0,497.84,,,,
1975,22/04/11 01:21:55.0,498.094,,,,
1976,22/04/11 01:22:38.0,498.348,,,,
1977,22/04/11 01:23:31.0,498.602,,,,
1978,22/04/11 01:24:08.0,498.856,,,,
1979,22/04/11 01:25:04.0,499.11,,,,
1980,22/04/11 01:27:30.0,499.364,,,,
1981,22/04/11 01:34:23.0,499.618,,,,
1982,22/04/11 01:36:54.0,499.872,,,,
1983,22/04/11 01:39:18.0,500.126,,,,
1984,22/04/11 01:42:27.0,500.38,,,,
1985,22/04/11 01:46:38.0,500.634,,,,
1986,22/04/11 01:49:58.0,500.888,,,,
1987,22/04/11 01:53:38.0,501.142,,,,
1988,22/04/11 01:56:11.0,501.396,,,,
1989,22/04/11 01:58:14.0,501.65,,,,
1990,22/04/11 02:00:42.0,501.904,,,,
1991,22/04/11 02:03:25.0,502.158,,,,
1992,22/04/11 02:05:14.0,502.412,,,,
1993,22/04/11 02:06:33.0,502.666,,,,
1994,22/04/11 02:07:41.0,502.92,,,,
1995,22/04/11 02:08:36.0,503.174,,,,
1996,22/04/11 02:09:12.0,503.428,,,,
1997,22/04/11 02:10:02.0,503.682,,,,
1998,22/04/11 02:10:50.0,503.936,,,,
1999,22/04/11 02:11:52.0,504.19,,,,
2000,22/04/11 02:12:52.0,504.444,,,,
2001,22/04/11 02:14:18.0,504.698,,,,
2002,22/04/11 02:15:51.0,504.952,,,,
2003,22/04/11 02:17:20.0,505.206,,,,
2004,22/04/11 02:19:46.0,505.46,,,,
2005,22/04/11 02:23:28.0,505.714,,,,
2006,22/04/11 04:32:35.0,505.968,,,,
2007,22/04/11 04:39:29.0,506.222,,,,
2008,22/04/11 04:45:05.0,506.476,,,,
2009,22/04/11 04:47:05.0,506.73,,,,
2010,22/04/11 04:48:24.0,506.984,,,,
2011,22/04/11 04:49:14.0,507.238,,,,
2012,22/04/11 04:49:40.0,507.492,,,,
2013,22/04/11 04:50:03.0,507.746,,,,
2014,22/04/11 04:50:21.0,508,,,,
2015,22/04/11 04:50:40.0,508.254,,,,
2016,22/04/11 04:51:06.0,508.508,,,,
2017,22/04/11 04:51:44.0,508.762,,,,
2018,22/04/11 04:52:19.0,509.016,,,,
2019,22/04/11 04:52:50.0,509.27,,,,
2020,22/04/11 04:53:11.0,509.524,,,,
2021,22/04/11 04:53:37.0,509.778,,,,
2022,22/04/11 04:54:08.0,510.032,,,,
2023,22/04/11 04:54:40.0,510.286,,,,
2024,22/04/11 04:55:04.0,510.54,,,,
2025,22/04/11 04:55:39.0,510.794,,,,
2026,22/04/11 04:56:23.0,511.048,,,,
2027,22/04/11 04:57:35.0,511.302,,,,
2028,22/04/11 04:58:56.0,511.556,,,,
2029,22/04/11 05:00:14.0,511.81,,,,
2030,22/04/11 05:01:22.0,512.064,,,,
2031,22/04/11 05:02:34.0,512.318,,,,
2032,22/04/11 05:03:35.0,512.572,,,,
2033,22/04/11 05:05:02.0,512.826,,,,
2034,22/04/11 05:07:02.0,513.08,,,,
2035,22/04/11 05:09:15.0,513.334,,,,
2036,22/04/11 05:10:40.0,513.588,,,,
2037,22/04/11 05:11:53.0,513.842,,,,
2038,22/04/11 05:12:39.0,514.096,,,,
2039,22/04/11 05:13:14.0,514.35,,,,
2040,22/04/11 05:13:48.0,514.604,,,,
2041,22/04/11 05:14:24.0,514.858,,,,
2042,22/04/11 05:14:49.0,515.112,,,,
2043,22/04/11 05:15:28.0,515.366,,,,
2044,22/04/11 05:15:56.0,515.62,,,,
2045,22/04/11 05:16:43.0,515.874,,,,
2046,22/04/11 05:17:51.0,516.128,,,,
2047,22/04/11 05:19:04.0,516.382,,,,
2048,22/04/11 05:19:49.0,516.636,,,,
2049,22/04/11 05:20:42.0,516.89,,,,
2050,22/04/11 05:21:35.0,517.144,,,,
2051,22/04/11 05:22:38.0,517.398,,,,
2052,22/04/11 05:23:56.0,517.652,,,,
2053,22/04/11 05:25:48.0,517.906,,,,
2054,22/04/11 05:27:18.0,518.16,,,,
2055,22/04/11 05:28:01.0,518.414,,,,
2056,22/04/11 05:28:47.0,518.668,,,,
2057,22/04/11 05:29:37.0,518.922,,,,
2058,22/04/11 05:30:43.0,519.176,,,,
2059,22/04/11 05:32:16.0,519.43,,,,
2060,22/04/11 05:33:40.0,519.684,,,,
2061,22/04/11 05:34:54.0,519.938,,,,
2062,22/04/11 05:35:56.0,520.192,,,,
2063,22/04/11 05:36:56.0,520.446,,,,
2064,22/04/11 05:38:06.0,520.7,,,,
2065,22/04/11 05:38:57.0,520.954,,,,
2066,22/04/11 05:39:19.0,521.208,,,,
2067,22/04/11 05:39:34.0,521.462,,,,
2068,22/04/11 05:39:52.0,521.716,,,,
2069,22/04/11 05:40:07.0,521.97,,,,
2070,22/04/11 05:40:20.0,522.224,,,,
2071,22/04/11 05:40:33.0,522.478,,,,
2072,22/04/11 05:40:46.0,522.732,,,,
2073,22/04/11 05:41:05.0,522.986,,,,
2074,22/04/11 05:41:38.0,523.24,,,,
2075,22/04/11 05:42:24.0,523.494,,,,
2076,22/04/11 05:43:08.0,523.748,,,,
2077,22/04/11 05:44:30.0,524.002,,,,
2078,22/04/11 05:46:09.0,524.256,,,,
2079,22/04/11 05:47:35.0,524.51,,,,
2080,22/04/11 05:48:18.0,524.764,,,,
2081,22/04/11 05:48:37.0,525.018,,,,
2082,22/04/11 05:48:52.0,525.272,,,,
2083,22/04/11 05:49:07.0,525.526,,,,
2084,22/04/11 05:49:22.0,525.78,,,,
2085,22/04/11 05:49:40.0,526.034,,,,
2086,22/04/11 05:49:56.0,526.288,,,,
2087,22/04/11 05:50:14.0,526.542,,,,
2088,22/04/11 05:50:38.0,526.796,,,,
2089,22/04/11 05:51:04.0,527.05,,,,
2090,22/04/11 05:51:37.0,527.304,,,,
2091,22/04/11 05:52:25.0,527.558,,,,
2092,22/04/11 05:53:12.0,527.812,,,,
2093,22/04/11 05:53:48.0,528.066,,,,
2094,22/04/11 05:54:31.0,528.32,,,,
2095,22/04/11 05:55:21.0,528.574,,,,
2096,22/04/11 05:56:10.0,528.828,,,,
2097,22/04/11 05:57:14.0,529.082,,,,
2098,22/04/11 05:59:01.0,529.336,,,,
2099,22/04/11 05:59:25.0,529.59,,,,
2100,22/04/11 05:59:45.0,529.844,,,,
2101,22/04/11 06:00:05.0,530.098,,,,
2102,22/04/11 06:00:23.0,530.352,,,,
2103,22/04/11 06:00:46.0,530.606,,,,
2104,22/04/11 06:01:08.0,530.86,,,,
2105,22/04/11 06:01:33.0,531.114,,,,
2106,22/04/11 06:02:11.0,531.368,,,,
2107,22/04/11 06:03:44.0,531.622,,,,
2108,22/04/11 06:04:18.0,531.876,,,,
2109,22/04/11 06:04:44.0,532.13,,,,
2110,22/04/11 06:05:08.0,532.384,,,,
2111,22/04/11 06:05:57.0,532.638,,,,
2112,22/04/11 06:06:43.0,532.892,,,,
2113,22/04/11 06:07:19.0,533.146,,,,
2114,22/04/11 06:07:59.0,533.4,,,,
2115,22/04/11 06:09:16.0,533.654,,,,
2116,22/04/11 06:11:42.0,533.908,,,,
2117,22/04/11 06:16:36.0,534.162,,,,
2118,22/04/11 06:18:02.0,534.416,,,,
2119,22/04/11 06:19:28.0,534.67,,,,
2120,22/04/11 06:21:32.0,534.924,,,,
2121,22/04/11 06:23:36.0,535.178,,,,
2122,22/04/11 06:26:06.0,535.432,,,,
2123,22/04/11 06:29:58.0,535.686,,,,
2124,22/04/11 06:31:57.0,535.94,,,,
2125,22/04/11 06:33:19.0,536.194,,,,
2126,22/04/11 06:33:45.0,536.448,,,,
2127,22/04/11 06:34:08.0,536.702,,,,
2128,22/04/11 06:34:39.0,536.956,,,,
2129,22/04/11 06:35:16.0,537.21,,,,
2130,22/04/11 06:35:39.0,537.464,,,,
2131,22/04/11 06:36:04.0,537.718,,,,
2132,22/04/11 06:36:18.0,537.972,,,,
2133,22/04/11 06:36:30.0,538.226,,,,
2134,22/04/11 06:36:40.0,538.48,,,,
2135,22/04/11 06:36:52.0,538.734,,,,
2136,22/04/11 06:37:04.0,538.988,,,,
2137,22/04/11 06:37:15.0,539.242,,,,
2138,22/04/11 06:37:25.0,539.496,,,,
2139,22/04/11 06:37:36.0,539.75,,,,
2140,22/04/11 06:37:47.0,540.004,,,,
2141,22/04/11 06:37:58.0,540.258,,,,
2142,22/04/11 06:38:08.0,540.512,,,,
2143,22/04/11 06:38:17.0,540.766,,,,
2144,22/04/11 06:38:29.0,541.02,,,,
2145,22/04/11 06:38:42.0,541.274,,,,
2146,22/04/11 06:38:59.0,541.528,,,,
2147,22/04/11 06:39:15.0,541.782,,,,
2148,22/04/11 06:39:37.0,542.036,,,,
2149,22/04/11 06:40:13.0,542.29,,,,
2150,22/04/11 06:40:39.0,542.544,,,,
2151,22/04/11 06:41:13.0,542.798,,,,
2152,22/04/11 06:41:44.0,543.052,,,,
2153,22/04/11 06:42:35.0,543.306,,,,
2154,22/04/11 06:43:29.0,543.56,,,,
2155,22/04/11 06:44:19.0,543.814,,,,
2156,22/04/11 06:45:33.0,544.068,,,,
2157,22/04/11 06:46:53.0,544.322,,,,
2158,22/04/11 06:48:37.0,544.576,,,,
2159,22/04/11 06:50:05.0,544.83,,,,
2160,22/04/11 06:51:46.0,545.084,,,,
2161,22/04/11 06:53:44.0,545.338,,,,
2162,22/04/11 06:56:43.0,545.592,,,,
2163,22/04/11 06:59:56.0,545.846,,,,
2164,22/04/11 07:02:07.0,546.1,,,,
2165,22/04/11 07:05:12.0,546.354,,,,
2166,22/04/11 07:07:51.0,546.608,,,,
2167,22/04/11 07:09:30.0,546.862,,,,
2168,22/04/11 07:10:52.0,547.116,,,,
2169,22/04/11 07:11:26.0,547.37,,,,
2170,22/04/11 07:12:11.0,547.624,,,,
2171,22/04/11 07:13:38.0,547.878,,,,
2172,22/04/11 07:14:59.0,548.132,,,,
2173,22/04/11 07:16:27.0,548.386,,,,
2174,22/04/11 07:18:21.0,548.64,,,,
2175,22/04/11 07:20:31.0,548.894,,,,
2176,22/04/11 07:22:14.0,549.148,,,,
2177,22/04/11 07:25:04.0,549.402,,,,
2178,22/04/11 07:26:27.0,549.656,,,,
2179,22/04/11 07:27:25.0,549.91,,,,
2180,22/04/11 07:30:11.0,550.164,,,,
2181,22/04/11 07:33:05.0,550.418,,,,
2182,22/04/11 07:33:44.0,550.672,,,,
2183,22/04/11 07:34:03.0,550.926,,,,
2184,22/04/11 07:34:14.0,551.18,,,,
2185,22/04/11 07:34:27.0,551.434,,,,
2186,22/04/11 07:34:39.0,551.688,,,,
2187,22/04/11 07:34:51.0,551.942,,,,
2188,22/04/11 07:35:04.0,552.196,,,,
2189,22/04/11 07:35:17.0,552.45,,,,
2190,22/04/11 07:35:34.0,552.704,,,,
2191,22/04/11 07:35:51.0,552.958,,,,
2192,22/04/11 07:36:12.0,553.212,,,,
2193,22/04/11 07:36:35.0,553.466,,,,
2194,22/04/11 07:36:59.0,553.72,,,,
2195,22/04/11 07:37:18.0,553.974,,,,
2196,22/04/11 07:38:03.0,554.228,,,,
2197,22/04/11 07:39:11.0,554.482,,,,
2198,22/04/11 07:40:14.0,554.736,,,,
2199,22/04/11 07:41:27.0,554.99,,,,
2200,22/04/11 07:42:30.0,555.244,,,,
2201,22/04/11 07:43:05.0,555.498,,,,
2202,22/04/11 07:44:02.0,555.752,,,,
2203,22/04/11 07:45:09.0,556.006,,,,
2204,22/04/11 07:47:36.0,556.26,,,,
2205,22/04/11 07:50:41.0,556.514,,,,
2206,22/04/11 07:52:58.0,556.768,,,,
2207,22/04/11 07:55:13.0,557.022,,,,
2208,22/04/11 07:56:57.0,557.276,,,,
2209,22/04/11 07:58:45.0,557.53,,,,
2210,22/04/11 08:00:50.0,557.784,,,,
2211,22/04/11 08:05:38.0,558.038,,,,
2212,22/04/11 08:11:04.0,558.292,,,,
2213,22/04/11 08:14:56.0,558.546,,,,
2214,22/04/11 08:18:16.0,558.8,,,,
2215,22/04/11 08:21:12.0,559.054,,,,
2216,22/04/11 08:24:59.0,559.308,,,,
2217,22/04/11 08:33:27.0,559.562,,,,
2218,22/04/11 08:40:11.0,559.816,,,,
2219,22/04/11 08:48:48.0,560.07,,,,
2220,22/04/11 08:54:55.0,560.324,,,,
2221,22/04/11 08:58:33.0,560.578,,,,
2222,22/04/11 09:01:46.0,560.832,,,,
2223,22/04/11 09:06:21.0,561.086,,,,
2224,22/04/11 09:14:53.0,561.34,,,,
2225,22/04/11 09:20:45.0,561.594,,,,
2226,22/04/11 09:25:43.0,561.848,,,,
2227,22/04/11 09:29:26.0,562.102,,,,
2228,22/04/11 09:32:44.0,562.356,,,,
2229,22/04/11 09:35:24.0,562.61,,,,
2230,22/04/11 09:36:51.0,562.864,,,,
2231,22/04/11 09:38:47.0,563.118,,,,
2232,22/04/11 09:43:03.0,563.372,,,,
2233,22/04/11 09:48:53.0,563.626,,,,
2234,22/04/11 09:51:04.0,563.88,,,,
2235,22/04/11 09:53:17.0,564.134,,,,
2236,22/04/11 09:54:56.0,564.388,,,,
2237,22/04/11 09:57:04.0,564.642,,,,
2238,22/04/11 09:59:51.0,564.896,,,,
2239,22/04/11 10:02:37.0,565.15,,,,
2240,22/04/11 10:07:09.0,565.404,,,,
2241,22/04/11 10:13:24.0,565.658,,,,
2242,22/04/11 10:15:07.0,565.912,,,,
2243,22/04/11 10:16:31.0,566.166,,,,
2244,22/04/11 10:18:03.0,566.42,,,,
2245,22/04/11 10:19:29.0,566.674,,,,
2246,22/04/11 10:20:58.0,566.928,,,,
2247,22/04/11 10:22:37.0,567.182,,,,
2248,22/04/11 10:24:32.0,567.436,,,,
2249,22/04/11 10:28:12.0,567.69,,,,
2250,22/04/11 10:32:00.0,567.944,,,,
2251,22/04/11 10:35:00.0,568.198,,,,
2252,22/04/11 10:38:33.0,568.452,,,,
2253,22/04/11 10:42:08.0,568.706,,,,
2254,22/04/11 10:44:46.0,568.96,,,,
2255,22/04/11 10:46:29.0,569.214,,,,
2256,22/04/11 10:47:44.0,569.468,,,,
2257,22/04/11 10:48:55.0,569.722,,,,
2258,22/04/11 10:50:19.0,569.976,,,,
2259,22/04/11 10:52:05.0,570.23,,,,
2260,22/04/11 10:53:37.0,570.484,,,,
2261,22/04/11 10:54:37.0,570.738,,,,
2262,22/04/11 10:55:32.0,570.992,,,,
2263,22/04/11 10:56:26.0,571.246,,,,
2264,22/04/11 10:57:21.0,571.5,,,,
2265,22/04/11 10:58:45.0,571.754,,,,
2266,22/04/11 11:01:17.0,572.008,,,,
2267,22/04/11 11:03:57.0,572.262,,,,
2268,22/04/11 11:05:39.0,572.516,,,,
2269,22/04/11 11:07:56.0,572.77,,,,
2270,22/04/11 11:09:56.0,573.024,,,,
2271,22/04/11 11:11:42.0,573.278,,,,
2272,22/04/11 11:13:20.0,573.532,,,,
2273,22/04/11 11:14:52.0,573.786,,,,
2274,22/04/11 11:16:49.0,574.04,,,,
2275,22/04/11 11:19:12.0,574.294,,,,
2276,22/04/11 11:21:48.0,574.548,,,,
2277,22/04/11 11:24:22.0,574.802,,,,
2278,22/04/11 11:28:17.0,575.056,,,,
2279,22/04/11 11:33:11.0,575.31,,,,
2280,22/04/11 11:36:10.0,575.564,,,,
2281,22/04/11 11:39:02.0,575.818,,,,
2282,22/04/11 11:42:39.0,576.072,,,,
2283,22/04/11 11:46:09.0,576.326,,,,
2284,22/04/11 11:49:10.0,576.58,,,,
2285,22/04/11 11:51:31.0,576.834,,,,
2286,22/04/11 11:53:27.0,577.088,,,,
2287,22/04/11 11:55:11.0,577.342,,,,
2288,22/04/11 11:56:40.0,577.596,,,,
2289,22/04/11 11:58:18.0,577.85,,,,
2290,22/04/11 11:59:47.0,578.104,,,,
2291,22/04/11 12:01:19.0,578.358,,,,
2292,22/04/11 12:02:44.0,578.612,,,,
2293,22/04/11 12:04:02.0,578.866,,,,
2294,22/04/11 12:05:29.0,579.12,,,,
2295,22/04/11 12:06:59.0,579.374,,,,
2296,22/04/11 12:08:34.0,579.628,,,,
2297,22/04/11 12:10:24.0,579.882,,,,
2298,22/04/11 12:12:25.0,580.136,,,,
2299,22/04/11 12:15:14.0,580.39,,,,
2300,22/04/11 12:19:06.0,580.644,,,,
2301,22/04/11 12:22:31.0,580.898,,,,
2302,22/04/11 12:25:45.0,581.152,,,,
2303,22/04/11 12:30:26.0,581.406,,,,
2304,22/04/11 12:36:19.0,581.66,,,,
2305,22/04/11 12:59:39.0,581.914,,,,
2306,22/04/12 13:22:36.0,,,Logged,,
2307,22/04/12 13:22:44.0,,,,Logged,
2308,22/04/12 13:23:29.0,,,,Logged,
2309,22/04/12 13:23:34.0,582.168,Logged,,,
2310,22/04/16 00:59:05.0,582.422,,,,
2311,22/04/16 05:06:55.0,582.676,,,,
2312,22/04/16 10:31:54.0,582.93,,,,
2313,22/04/16 10:35:12.0,583.184,,,,
2314,22/04/16 10:36:23.0,583.438,,,,
2315,22/04/16 10:38:21.0,583.692,,,,
2316,22/04/16 10:39:17.0,583.946,,,,
2317,22/04/16 10:42:13.0,584.2,,,,
2318,22/04/16 10:42:50.0,584.454,,,,
2319,22/04/16 10:45:14.0,584.708,,,,
2320,22/04/16 10:47:02.0,584.962,,,,
2321,22/04/16 10:58:00.0,585.216,,,,
2322,22/04/16 11:55:18.0,585.47,,,,
2323,22/04/16 13:40:17.0,585.724,,,,
2324,22/04/16 13:56:04.0,585.978,,,,
2325,22/04/16 14:23:17.0,586.232,,,,
2326,22/04/16 15:07:41.0,586.486,,,,
2327,22/04/16 16:43:50.0,586.74,,,,
2328,22/04/16 17:00:16.0,586.994,,,,
2329,22/04/16 17:08:21.0,587.248,,,,
2330,22/04/16 17:13:01.0,587.502,,,,
2331,22/04/16 17:18:34.0,587.756,,,,
2332,22/04/16 17:22:14.0,588.01,,,,
2333,22/04/16 17:32:31.0,588.264,,,,
2334,22/04/16 17:39:55.0,588.518,,,,
2335,22/04/16 17:51:13.0,588.772,,,,
2336,22/04/16 17:57:20.0,589.026,,,,
2337,22/04/16 18:06:12.0,589.28,,,,
2338,22/04/16 18:15:04.0,589.534,,,,
2339,22/04/16 18:27:39.0,589.788,,,,
2340,22/04/16 18:33:14.0,590.042,,,,
2341,22/04/16 18:41:21.0,590.296,,,,
2342,22/04/16 18:44:13.0,590.55,,,,
2343,22/04/16 18:48:48.0,590.804,,,,
2344,22/04/16 18:52:08.0,591.058,,,,
2345,22/04/16 18:58:03.0,591.312,,,,
2346,22/04/16 19:02:29.0,591.566,,,,
2347,22/04/16 19:09:35.0,591.82,,,,
2348,22/04/16 19:14:17.0,592.074,,,,
2349,22/04/16 19:25:18.0,592.328,,,,
2350,22/04/16 19:29:59.0,592.582,,,,
2351,22/04/16 19:39:39.0,592.836,,,,
2352,22/04/16 19:43:53.0,593.09,,,,
2353,22/04/16 19:51:13.0,593.344,,,,
2354,22/04/16 19:56:23.0,593.598,,,,
2355,22/04/16 20:02:51.0,593.852,,,,
2356,22/04/16 20:07:30.0,594.106,,,,
2357,22/04/16 20:13:25.0,594.36,,,,
2358,22/04/16 20:17:09.0,594.614,,,,
2359,22/04/16 20:23:19.0,594.868,,,,
2360,22/04/16 20:28:38.0,595.122,,,,
2361,22/04/16 20:35:53.0,595.376,,,,
2362,22/04/16 20:40:23.0,595.63,,,,
2363,22/04/16 20:47:17.0,595.884,,,,
2364,22/04/16 20:53:15.0,596.138,,,,
2365,22/04/16 21:04:41.0,596.392,,,,
2366,22/04/16 21:13:18.0,596.646,,,,
2367,22/04/16 21:24:12.0,596.9,,,,
2368,22/04/16 21:31:38.0,597.154,,,,
2369,22/04/16 21:58:49.0,597.408,,,,
2370,22/04/16 22:12:28.0,597.662,,,,
2371,22/04/16 22:44:58.0,597.916,,,,
2372,22/04/16 23:15:38.0,598.17,,,,
2373,22/04/17 00:00:23.0,598.424,,,,
2374,22/04/17 00:12:21.0,598.678,,,,
2375,22/04/17 00:26:47.0,598.932,,,,
2376,22/04/17 00:41:14.0,599.186,,,,
2377,22/04/17 00:56:03.0,599.44,,,,
2378,22/04/17 01:02:00.0,599.694,,,,
2379,22/04/17 01:09:55.0,599.948,,,,
2380,22/04/17 01:17:24.0,600.202,,,,
2381,22/04/17 01:42:15.0,600.456,,,,
2382,22/04/17 01:54:22.0,600.71,,,,
2383,22/04/17 02:06:07.0,600.964,,,,
2384,22/04/17 04:48:12.0,601.218,,,,
2385,22/04/17 07:24:57.0,601.472,,,,
2386,22/04/17 12:57:33.0,601.726,,,,
2387,22/04/17 16:15:54.0,601.98,,,,
2388,22/04/17 16:23:40.0,602.234,,,,
2389,22/04/17 16:47:19.0,602.488,,,,
2390,22/04/17 16:50:48.0,602.742,,,,
2391,22/04/17 16:53:42.0,602.996,,,,
2392,22/04/17 16:55:56.0,603.25,,,,
2393,22/04/17 16:59:31.0,603.504,,,,
2394,22/04/17 17:02:36.0,603.758,,,,
2395,22/04/17 17:07:00.0,604.012,,,,
2396,22/04/17 17:11:49.0,604.266,,,,
2397,22/04/17 17:22:35.0,604.52,,,,
2398,22/04/17 17:53:09.0,604.774,,,,
2399,22/04/17 18:14:01.0,605.028,,,,
2400,22/04/17 18:20:39.0,605.282,,,,
2401,22/04/17 18:28:06.0,605.536,,,,
2402,22/04/17 18:35:41.0,605.79,,,,
2403,22/04/17 18:42:39.0,606.044,,,,
2404,22/04/17 18:46:51.0,606.298,,,,
2405,22/04/17 18:50:34.0,606.552,,,,
2406,22/04/17 18:53:40.0,606.806,,,,
2407,22/04/17 18:58:44.0,607.06,,,,
2408,22/04/17 19:06:36.0,607.314,,,,
2409,22/04/17 19:10:05.0,607.568,,,,
2410,22/04/17 19:12:03.0,607.822,,,,
2411,22/04/17 19:16:38.0,608.076,,,,
2412,22/04/17 19:21:17.0,608.33,,,,
2413,22/04/17 19:27:07.0,608.584,,,,
2414,22/04/17 19:30:50.0,608.838,,,,
2415,22/04/17 19:34:00.0,609.092,,,,
2416,22/04/17 19:36:34.0,609.346,,,,
2417,22/04/17 19:39:41.0,609.6,,,,
2418,22/04/17 19:42:07.0,609.854,,,,
2419,22/04/17 19:45:05.0,610.108,,,,
2420,22/04/17 19:50:28.0,610.362,,,,
2421,22/04/17 20:06:08.0,610.616,,,,
2422,22/04/17 20:35:43.0,610.87,,,,
2423,22/04/17 20:51:47.0,611.124,,,,
2424,22/04/17 20:57:11.0,611.378,,,,
2425,22/04/17 21:02:02.0,611.632,,,,
2426,22/04/17 21:08:51.0,611.886,,,,
2427,22/04/17 21:15:09.0,612.14,,,,
2428,22/04/17 21:20:33.0,612.394,,,,
2429,22/04/17 21:25:22.0,612.648,,,,
2430,22/04/17 21:35:49.0,612.902,,,,
2431,22/04/17 22:00:33.0,613.156,,,,
2432,22/04/17 23:03:56.0,613.41,,,,
2433,22/04/17 23:26:31.0,613.664,,,,
2434,22/04/17 23:36:06.0,613.918,,,,
2435,22/04/18 00:01:32.0,614.172,,,,
2436,22/04/18 00:21:30.0,614.426,,,,
2437,22/04/18 01:22:15.0,614.68,,,,
2438,22/04/18 02:00:52.0,614.934,,,,
2439,22/04/18 03:58:47.0,615.188,,,,
2440,22/04/18 04:27:39.0,615.442,,,,
2441,22/04/18 04:38:02.0,615.696,,,,
2442,22/04/18 04:42:08.0,615.95,,,,
2443,22/04/18 04:58:19.0,616.204,,,,
2444,22/04/18 05:04:01.0,616.458,,,,
2445,22/04/18 05:40:12.0,616.712,,,,
2446,22/04/18 05:51:18.0,616.966,,,,
2447,22/04/18 05:56:20.0,617.22,,,,
2448,22/04/18 06:02:15.0,617.474,,,,
2449,22/04/18 06:07:38.0,617.728,,,,
2450,22/04/18 06:12:54.0,617.982,,,,
2451,22/04/18 06:15:09.0,618.236,,,,
2452,22/04/18 06:17:21.0,618.49,,,,
2453,22/04/18 06:19:57.0,618.744,,,,
2454,22/04/18 06:23:23.0,618.998,,,,
2455,22/04/18 06:27:01.0,619.252,,,,
2456,22/04/18 06:33:23.0,619.506,,,,
2457,22/04/18 06:35:24.0,619.76,,,,
2458,22/04/18 06:36:09.0,620.014,,,,
2459,22/04/18 06:36:46.0,620.268,,,,
2460,22/04/18 06:37:30.0,620.522,,,,
2461,22/04/18 06:38:29.0,620.776,,,,
2462,22/04/18 06:40:04.0,621.03,,,,
2463,22/04/18 06:41:34.0,621.284,,,,
2464,22/04/18 06:42:33.0,621.538,,,,
2465,22/04/18 06:43:17.0,621.792,,,,
2466,22/04/18 06:44:05.0,622.046,,,,
2467,22/04/18 06:44:52.0,622.3,,,,
2468,22/04/18 06:45:48.0,622.554,,,,
2469,22/04/18 06:46:35.0,622.808,,,,
2470,22/04/18 06:47:29.0,623.062,,,,
2471,22/04/18 06:48:23.0,623.316,,,,
2472,22/04/18 06:50:02.0,623.57,,,,
2473,22/04/18 07:03:56.0,623.824,,,,
2474,22/04/18 07:35:39.0,624.078,,,,
2475,22/04/18 07:50:20.0,624.332,,,,
2476,22/04/18 07:57:01.0,624.586,,,,
2477,22/04/18 07:59:21.0,624.84,,,,
2478,22/04/18 08:02:07.0,625.094,,,,
2479,22/04/18 08:04:37.0,625.348,,,,
2480,22/04/18 08:07:42.0,625.602,,,,
2481,22/04/18 08:10:21.0,625.856,,,,
2482,22/04/18 08:13:27.0,626.11,,,,
2483,22/04/18 08:16:03.0,626.364,,,,
2484,22/04/18 08:19:43.0,626.618,,,,
2485,22/04/18 08:23:24.0,626.872,,,,
2486,22/04/18 08:26:05.0,627.126,,,,
2487,22/04/18 08:28:22.0,627.38,,,,
2488,22/04/18 08:30:51.0,627.634,,,,
2489,22/04/18 08:33:08.0,627.888,,,,
2490,22/04/18 08:35:14.0,628.142,,,,
2491,22/04/18 08:37:11.0,628.396,,,,
2492,22/04/18 08:39:40.0,628.65,,,,
2493,22/04/18 08:41:47.0,628.904,,,,
2494,22/04/18 08:44:11.0,629.158,,,,
2495,22/04/18 08:46:42.0,629.412,,,,
2496,22/04/18 08:49:00.0,629.666,,,,
2497,22/04/18 08:51:43.0,629.92,,,,
2498,22/04/18 08:54:25.0,630.174,,,,
2499,22/04/18 08:56:51.0,630.428,,,,
2500,22/04/18 08:59:57.0,630.682,,,,
2501,22/04/18 09:03:28.0,630.936,,,,
2502,22/04/18 09:08:22.0,631.19,,,,
2503,22/04/18 09:12:57.0,631.444,,,,
2504,22/04/18 09:19:37.0,631.698,,,,
2505,22/04/18 09:26:29.0,631.952,,,,
2506,22/04/18 09:32:22.0,632.206,,,,
2507,22/04/18 09:35:19.0,632.46,,,,
2508,22/04/18 09:39:20.0,632.714,,,,
2509,22/04/18 09:44:44.0,632.968,,,,
2510,22/04/18 09:51:49.0,633.222,,,,
2511,22/04/18 10:02:18.0,633.476,,,,
2512,22/04/18 10:17:33.0,633.73,,,,
2513,22/04/18 10:29:27.0,633.984,,,,
2514,22/04/18 10:43:07.0,634.238,,,,
2515,22/04/18 10:53:43.0,634.492,,,,
2516,22/04/18 11:03:34.0,634.746,,,,
2517,22/04/18 11:15:08.0,635,,,,
2518,22/04/18 11:29:49.0,635.254,,,,
2519,22/04/18 11:44:38.0,635.508,,,,
2520,22/04/18 12:05:07.0,635.762,,,,
2521,22/04/18 12:35:06.0,636.016,,,,
2522,22/04/18 12:52:11.0,636.27,,,,
2523,22/04/18 13:03:26.0,636.524,,,,
2524,22/04/18 13:11:42.0,636.778,,,,
2525,22/04/18 13:15:53.0,637.032,,,,
2526,22/04/18 13:19:16.0,637.286,,,,
2527,22/04/18 13:21:58.0,637.54,,,,
2528,22/04/18 13:24:10.0,637.794,,,,
2529,22/04/18 13:26:15.0,638.048,,,,
2530,22/04/18 13:28:37.0,638.302,,,,
2531,22/04/18 13:30:58.0,638.556,,,,
2532,22/04/18 13:33:15.0,638.81,,,,
2533,22/04/18 13:35:28.0,639.064,,,,
2534,22/04/18 13:39:00.0,639.318,,,,
2535,22/04/18 13:43:09.0,639.572,,,,
2536,22/04/18 13:50:58.0,639.826,,,,
2537,22/04/18 13:56:12.0,640.08,,,,
2538,22/04/18 14:02:04.0,640.334,,,,
2539,22/04/18 14:15:20.0,640.588,,,,
2540,22/04/18 14:21:30.0,640.842,,,,
2541,22/04/18 14:27:25.0,641.096,,,,
2542,22/04/18 14:32:45.0,641.35,,,,
2543,22/04/18 14:37:14.0,641.604,,,,
2544,22/04/18 14:41:23.0,641.858,,,,
2545,22/04/18 14:43:44.0,642.112,,,,
2546,22/04/18 14:46:23.0,642.366,,,,
2547,22/04/18 14:49:23.0,642.62,,,,
2548,22/04/18 14:52:37.0,642.874,,,,
2549,22/04/18 14:54:58.0,643.128,,,,
2550,22/04/18 14:56:25.0,643.382,,,,
2551,22/04/18 14:57:19.0,643.636,,,,
2552,22/04/18 14:58:20.0,643.89,,,,
2553,22/04/18 14:58:56.0,644.144,,,,
2554,22/04/18 14:59:37.0,644.398,,,,
2555,22/04/18 15:00:18.0,644.652,,,,
2556,22/04/18 15:01:11.0,644.906,,,,
2557,22/04/18 15:01:55.0,645.16,,,,
2558,22/04/18 15:02:44.0,645.414,,,,
2559,22/04/18 15:03:41.0,645.668,,,,
2560,22/04/18 15:04:51.0,645.922,,,,
2561,22/04/18 15:06:13.0,646.176,,,,
2562,22/04/18 15:07:55.0,646.43,,,,
2563,22/04/18 15:09:18.0,646.684,,,,
2564,22/04/18 15:10:44.0,646.938,,,,
2565,22/04/18 15:11:57.0,647.192,,,,
2566,22/04/18 15:13:09.0,647.446,,,,
2567,22/04/18 15:14:18.0,647.7,,,,
2568,22/04/18 15:15:44.0,647.954,,,,
2569,22/04/18 15:17:23.0,648.208,,,,
2570,22/04/18 15:19:51.0,648.462,,,,
2571,22/04/18 15:22:23.0,648.716,,,,
2572,22/04/18 15:25:17.0,648.97,,,,
2573,22/04/18 15:28:21.0,649.224,,,,
2574,22/04/18 15:31:47.0,649.478,,,,
2575,22/04/18 15:35:25.0,649.732,,,,
2576,22/04/18 15:39:09.0,649.986,,,,
2577,22/04/18 15:42:25.0,650.24,,,,
2578,22/04/18 15:45:32.0,650.494,,,,
2579,22/04/18 15:48:01.0,650.748,,,,
2580,22/04/18 15:50:46.0,651.002,,,,
2581,22/04/18 15:54:58.0,651.256,,,,
2582,22/04/18 16:04:34.0,651.51,,,,
2583,22/04/18 16:16:22.0,651.764,,,,
2584,22/04/18 16:24:45.0,652.018,,,,
2585,22/04/18 16:30:00.0,652.272,,,,
2586,22/04/18 16:36:27.0,652.526,,,,
2587,22/04/18 16:41:52.0,652.78,,,,
2588,22/04/18 16:48:39.0,653.034,,,,
2589,22/04/18 17:19:00.0,653.288,,,,
2590,22/04/18 17:34:52.0,653.542,,,,
2591,22/04/18 17:41:54.0,653.796,,,,
2592,22/04/18 17:48:06.0,654.05,,,,
2593,22/04/18 17:52:46.0,654.304,,,,
2594,22/04/18 18:00:55.0,654.558,,,,
2595,22/04/18 18:17:52.0,654.812,,,,
2596,22/04/18 18:24:17.0,655.066,,,,
2597,22/04/18 18:30:19.0,655.32,,,,
2598,22/04/18 18:38:01.0,655.574,,,,
2599,22/04/18 18:41:47.0,655.828,,,,
2600,22/04/18 18:49:00.0,656.082,,,,
2601,22/04/18 18:54:35.0,656.336,,,,
2602,22/04/18 18:59:43.0,656.59,,,,
2603,22/04/18 19:04:42.0,656.844,,,,
2604,22/04/18 19:08:28.0,657.098,,,,
2605,22/04/18 19:17:02.0,657.352,,,,
2606,22/04/18 19:33:24.0,657.606,,,,
2607,22/04/18 21:30:58.0,657.86,,,,
2608,22/04/18 22:42:17.0,658.114,,,,
2609,22/04/18 23:00:25.0,658.368,,,,
2610,22/04/18 23:12:06.0,658.622,,,,
2611,22/04/18 23:24:01.0,658.876,,,,
2612,22/04/18 23:33:17.0,659.13,,,,
2613,22/04/18 23:38:44.0,659.384,,,,
2614,22/04/18 23:41:56.0,659.638,,,,
2615,22/04/18 23:44:15.0,659.892,,,,
2616,22/04/18 23:46:33.0,660.146,,,,
2617,22/04/18 23:48:18.0,660.4,,,,
2618,22/04/18 23:50:02.0,660.654,,,,
2619,22/04/18 23:51:18.0,660.908,,,,
2620,22/04/18 23:52:41.0,661.162,,,,
2621,22/04/18 23:54:07.0,661.416,,,,
2622,22/04/18 23:55:31.0,661.67,,,,
2623,22/04/18 23:57:23.0,661.924,,,,
2624,22/04/18 23:59:18.0,662.178,,,,
2625,22/04/19 00:01:35.0,662.432,,,,
2626,22/04/19 00:03:47.0,662.686,,,,
2627,22/04/19 00:06:17.0,662.94,,,,
2628,22/04/19 00:08:14.0,663.194,,,,
2629,22/04/19 00:17:33.0,663.448,,,,
2630,22/04/19 00:30:03.0,663.702,,,,
2631,22/04/19 00:50:07.0,663.956,,,,
2632,22/04/19 01:41:14.0,664.21,,,,
2633,22/04/19 02:08:25.0,664.464,,,,
2634,22/04/19 02:26:10.0,664.718,,,,
2635,22/04/19 02:32:46.0,664.972,,,,
2636,22/04/19 02:39:44.0,665.226,,,,
2637,22/04/19 02:48:37.0,665.48,,,,
2638,22/04/19 03:26:17.0,665.734,,,,
2639,22/04/19 04:28:06.0,665.988,,,,
2640,22/04/19 11:09:29.0,666.242,,,,
2641,22/05/15 00:20:40.0,666.496,,,,
2642,22/05/15 03:17:09.0,666.75,,,,
2643,22/05/15 03:21:16.0,667.004,,,,
2644,22/05/15 06:31:24.0,667.258,,,,
2645,22/05/15 22:07:16.0,667.512,,,,
2646,22/05/15 23:03:12.0,667.766,,,,
2647,22/05/15 23:03:55.0,668.02,,,,
2648,22/05/15 23:04:38.0,668.274,,,,
2649,22/05/15 23:05:28.0,668.528,,,,
2650,22/05/15 23:07:59.0,668.782,,,,
2651,22/05/16 00:30:32.0,669.036,,,,
2652,22/05/16 02:35:39.0,669.29,,,,
2653,22/05/16 08:16:42.0,669.544,,,,
2654,22/05/16 08:21:46.0,669.798,,,,
2655,22/05/16 10:35:54.0,670.052,,,,
2656,22/05/16 12:29:44.0,670.306,,,,
2657,22/05/16 14:02:12.0,670.56,,,,
2658,22/05/16 14:09:43.0,670.814,,,,
2659,22/05/16 14:11:57.0,671.068,,,,
2660,22/05/16 14:13:27.0,671.322,,,,
2661,22/05/16 14:21:23.0,671.576,,,,
2662,22/05/17 01:20:26.0,671.83,,,,
2663,22/05/17 07:14:21.0,672.084,,,,
2664,22/05/17 07:27:53.0,672.338,,,,
2665,22/05/17 07:33:07.0,672.592,,,,
2666,22/05/17 08:54:52.0,672.846,,,,
2667,22/05/17 09:42:28.0,673.1,,,,
2668,22/05/17 14:40:44.0,,,Logged,,
2669,22/05/17 14:40:50.0,,,,Logged,
2670,22/05/17 14:40:56.0,673.1,,,,Logged
